Number_Of_Vertices,Running_Time_In_Microseconds
3,9.2
4,11.35
5,12.35
6,17.65
7,17.9
8,21.05
9,21.3
10,26.25
11,37.75
12,34.15
13,32.7
14,35.75
15,37.4
16,47.55
17,43.25
18,48.0
19,53.0
20,61.15
21,59.85
22,72.75
23,63.25
24,69.0
25,73.5
26,90.55
27,87.05
28,91.55
29,92.55
30,101.65
31,104.25
32,110.05
33,112.4
34,111.75
35,120.55
36,129.25
37,140.25
38,140.8
39,139.6
40,146.25
41,144.7
42,150.65
43,163.0
44,174.3
45,161.95
46,165.1
47,166.7
48,187.45
49,184.2
50,188.25
51,211.7
52,219.5
53,221.05
54,229.05
55,220.95
56,229.8
57,229.85
58,242.4
59,257.4
60,260.4
61,250.3
62,261.2
63,253.35
64,282.35
65,262.3
66,281.35
67,295.4
68,303.55
69,322.2
70,310.0
71,314.75
72,328.15
73,333.7
74,356.7
75,364.75
76,405.45
77,392.5
78,370.6
79,378.25
80,387.45
81,388.45
82,380.35
83,389.35
84,439.9
85,446.65
86,437.5
87,422.35
88,507.15
89,549.55
90,528.3
91,505.9
92,557.6
93,547.75
94,571.75
95,546.45
96,529.0
97,542.35
98,591.65
99,576.3
100,560.35
101,559.25
102,599.5
103,602.75
104,592.75
105,617.6
106,604.8
107,644.35
108,662.65
109,657.95
110,673.05
111,664.4
112,665.15
113,681.65
114,704.95
115,714.55
116,711.9
117,736.55
118,758.65
119,844.0
120,754.65
121,859.2
122,804.9
123,800.85
124,826.25
125,822.75
126,837.05
127,823.85
128,896.3
129,863.4
130,881.9
131,996.85
132,983.95
133,980.05
134,911.5
135,1079.95
136,1072.1
137,1073.1
138,1069.4
139,1028.85
140,1085.4
141,1064.7
142,1122.45
143,1117.1
144,1130.7
145,1137.15
146,1144.95
147,1134.35
148,1129.5
149,1164.9
150,1150.4
151,1191.1
152,1263.7
153,1286.2
154,1277.8
155,1308.3
156,1380.1
157,1430.6
158,1330.4
159,1416.25
160,1360.75
161,1411.0
162,1465.15
163,1380.4
164,1428.15
165,1484.0
166,1431.2
167,1415.65
168,1423.3
169,1452.7
170,1443.55
171,1499.75
172,1468.05
173,1551.6
174,1557.7
175,1600.45
176,1661.6
177,1561.9
178,1614.65
179,1675.15
180,1769.1
181,1769.4
182,1809.55
183,1800.1
184,1819.15
185,1883.7
186,1859.3
187,1900.85
188,1865.65
189,1827.65
190,1848.65
191,1853.85
192,1859.65
193,1866.55
194,1812.45
195,1895.7
196,1951.0
197,2010.85
198,1896.9
199,2106.05
200,2035.7
201,2044.7
202,2028.0
203,2251.2
204,2129.1
205,2015.2
206,2158.9
207,2248.1
208,2219.9
209,2155.9
210,2157.9
211,2171.9
212,2187.9
213,2176.7
214,2211.8
215,2163.4
216,2228.8
217,2406.8
218,2245.1
219,2315.8
220,2216.7
221,2386.0
222,2521.7
223,2611.7
224,2601.6
225,2894.7
226,2840.8
227,2807.9
228,2858.6
229,2617.3
230,2737.6
231,3011.9
232,2817.9
233,2655.6
234,2692.4
235,2785.9
236,2868.4
237,2797.0
238,2785.9
239,2813.2
240,2747.2
241,2653.7
242,2811.9
243,2862.3
244,2773.1
245,2967.2
246,2991.0
247,3091.9
248,3092.2
249,3040.2
250,3113.1
251,3100.7
252,3158.7
253,3094.1
254,3289.7
255,3299.6
256,3545.1
257,3104.3
258,3432.2
259,3221.3
260,3192.2
261,3288.3
262,3199.3
263,3613.0
264,3492.1
265,3701.9
266,3382.7
267,3473.5
268,3496.0
269,3576.3
270,3572.7
271,3733.6
272,3566.6
273,3665.6
274,3855.2
275,3933.6
276,3757.3
277,3886.0
278,3840.5
279,3969.2
280,3852.0
281,3823.9
282,3996.4
283,3883.8
284,3789.8
285,3860.0
286,4039.5
287,4054.3
288,4121.7
289,4252.8
290,4312.4
291,4206.3
292,4320.4
293,4284.8
294,4250.4
295,4347.5
296,4017.8
297,4215.0
298,4354.0
299,4240.4
300,4319.1
301,4378.7
302,4655.8
303,4778.8
304,4409.1
305,4906.1
306,4665.0
307,4637.5
308,4541.0
309,4405.8
310,4802.8
311,5213.2
312,5073.6
313,4776.6
314,4707.9
315,5012.3
316,4938.8
317,4608.8
318,5003.0
319,5193.6
320,4874.3
321,5360.9
322,4877.0
323,5409.3
324,5298.4
325,5806.8
326,5333.0
327,5383.4
328,5774.3
329,5536.5
330,5331.6
331,5354.2
332,5153.0
333,5168.3
334,5252.8
335,5316.4
336,5976.9
337,6145.9
338,5968.7
339,6267.0
340,5929.0
341,6098.7
342,5689.2
343,5944.0
344,5831.7
345,5697.7
346,5578.1
347,6193.6
348,7080.7
349,6319.2
350,6504.7
351,6510.6
352,6544.1
353,6310.7
354,6115.0
355,6097.1
356,5963.6
357,6033.1
358,6113.9
359,6442.1
360,6235.2
361,6084.2
362,6401.0
363,6307.7
364,6236.0
365,6203.6
366,6348.4
367,6605.9
368,6339.4
369,6418.7
370,6488.0
371,6576.7
372,6533.4
373,6433.1
374,6457.9
375,6681.2
376,6790.2
377,6878.0
378,6735.4
379,6967.0
380,6842.2
381,6797.3
382,6884.2
383,6838.8
384,7106.4
385,6615.4
386,7149.1
387,7183.5
388,7281.3
389,7016.2
390,7442.1
391,7206.5
392,7944.3
393,8856.3
394,8655.4
395,7634.6
396,9092.1
397,9108.9
398,8489.9
399,8627.9
400,7946.8
401,8745.1
402,7581.0
403,8585.5
404,8499.9
405,8209.1
406,8168.3
407,8577.4
408,8933.7
409,8394.0
410,8757.7
411,8248.7
412,8659.7
413,8374.0
414,9161.8
415,8193.8
416,8247.4
417,8774.3
418,8309.1
419,9009.4
420,9479.3
421,8291.5
422,8764.0
423,9145.4
424,8457.6
425,9219.9
426,9290.6
427,9058.9
428,8814.5
429,9808.2
430,9103.2
431,9403.6
432,9283.2
433,9801.5
434,9870.7
435,10035.3
436,9228.4
437,10946.7
438,10199.9
439,10896.9
440,9396.6
441,10373.9
442,11169.3
443,10933.5
444,10008.0
445,10183.8
446,9916.4
447,9719.5
448,10020.7
449,10097.4
450,10141.6
451,10140.4
452,9807.5
453,10781.0
454,10260.9
455,10012.0
456,10068.4
457,10737.9
458,11363.0
459,10965.2
460,10542.2
461,9984.0
462,10885.2
463,10283.2
464,11139.7
465,10912.3
466,10433.1
467,10889.2
468,11372.0
469,10315.0
470,11950.9
471,11204.2
472,11516.3
473,10602.5
474,11203.2
475,10856.2
476,11403.4
477,11535.5
478,11614.9
479,11798.8
480,11631.7
481,11949.1
482,11886.2
483,11368.9
484,11077.5
485,12714.8
486,12084.0
487,12338.2
488,11271.7
489,12514.2
490,12020.1
491,11889.0
492,12795.0
493,12020.8
494,12620.1
495,12238.1
496,12536.7
497,12306.1
498,12717.8
499,12899.3
500,12235.5
501,13209.8
502,12457.3
503,12620.2
504,13460.7
505,12876.2
506,13005.6
507,13521.6
508,12972.6
509,12626.3
510,12564.6
511,13711.3
512,13356.4
513,14651.8
514,13731.5
515,13892.1
516,15234.7
517,13957.3
518,14447.0
519,13665.9
520,13417.3
521,12506.3
522,13214.0
523,12972.3
524,12743.2
525,13080.7
526,13100.8
527,13242.8
528,12961.2
529,13380.8
530,13550.7
531,13639.3
532,13177.2
533,13604.6
534,13390.4
535,13219.2
536,13607.1
537,13603.2
538,13665.3
539,14347.0
540,13677.7
541,14161.9
542,14164.6
543,13668.6
544,14159.8
545,14223.5
546,14195.6
547,14379.9
548,14421.1
549,14471.6
550,14915.3
551,15386.0
552,15859.7
553,15171.4
554,15886.9
555,15490.1
556,17073.4
557,17743.9
558,16375.6
559,16855.2
560,16159.9
561,16175.1
562,17460.6
563,17197.1
564,17206.3
565,16991.6
566,16570.5
567,16680.8
568,16243.4
569,15423.7
570,15738.0
571,15519.9
572,15931.9
573,15861.7
574,15622.0
575,15793.2
576,15871.2
577,16670.4
578,17903.6
579,17155.5
580,17680.4
581,16326.4
582,15911.9
583,16829.0
584,16559.8
585,16757.9
586,17049.1
587,16847.9
588,16121.6
589,16230.3
590,16933.7
591,16207.7
592,16963.8
593,17609.0
594,16860.2
595,17467.5
596,16884.9
597,17902.1
598,16886.5
599,19164.2
600,16983.1
601,17665.0
602,19182.0
603,18929.2
604,19631.3
605,18445.8
606,18544.1
607,17654.7
608,18275.7
609,17562.4
610,18231.4
611,19310.4
612,19902.5
613,18696.1
614,21115.5
615,19220.7
616,20157.9
617,20421.0
618,19119.6
619,20001.6
620,19761.6
621,18174.4
622,18652.2
623,18507.1
624,19186.4
625,18235.4
626,19576.8
627,18646.6
628,18956.9
629,19193.8
630,19037.9
631,19160.3
632,19620.3
633,19238.5
634,19387.7
635,20100.4
636,19683.3
637,19551.3
638,19312.3
639,20242.0
640,19447.7
641,19920.2
642,19960.1
643,19587.0
644,20432.8
645,20307.8
646,20996.5
647,20089.2
648,19962.9
649,20522.8
650,20212.2
651,21843.2
652,20551.9
653,20772.6
654,21584.0
655,21246.2
656,21703.5
657,22222.6
658,24068.5
659,21910.5
660,22991.9
661,22536.1
662,22993.3
663,24783.8
664,25142.7
665,22507.8
666,24027.9
667,23311.6
668,24334.8
669,23380.6
670,23005.6
671,24913.2
672,24910.4
673,24039.7
674,23930.3
675,25661.8
676,24097.3
677,23937.7
678,23609.9
679,24328.5
680,23565.8
681,22251.1
682,22214.2
683,23628.6
684,24905.0
685,22475.9
686,25463.0
687,23084.0
688,24521.5
689,24856.8
690,24895.5
691,24418.9
692,23197.1
693,23947.6
694,23293.5
695,23247.7
696,23870.3
697,22990.2
698,23723.2
699,23250.7
700,23289.8
701,22773.1
702,23350.3
703,24035.4
704,23814.7
705,24058.5
706,26566.9
707,26465.3
708,25465.1
709,25022.8
710,24659.6
711,25785.8
712,25241.0
713,25719.3
714,25452.3
715,24264.7
716,25501.1
717,25360.8
718,25179.0
719,26665.8
720,25199.6
721,25370.5
722,26789.2
723,28784.2
724,25554.5
725,27180.2
726,26926.1
727,26690.1
728,26336.4
729,26961.7
730,28067.1
731,28615.4
732,29594.3
733,28743.6
734,28646.6
735,26854.4
736,28747.8
737,29549.9
738,30002.4
739,29671.6
740,29432.9
741,30470.7
742,30299.6
743,29407.4
744,28863.2
745,28478.9
746,28817.0
747,27218.7
748,27474.4
749,27417.8
750,26806.3
751,27622.9
752,26757.8
753,27265.7
754,27571.2
755,27155.3
756,27688.6
757,27276.6
758,26892.1
759,28163.7
760,27543.6
761,27769.9
762,28369.5
763,28476.7
764,28128.0
765,27960.7
766,29192.6
767,28799.2
768,28810.4
769,29157.9
770,28268.0
771,28697.3
772,30321.8
773,28757.8
774,29568.7
775,29565.7
776,31136.6
777,31855.0
778,30956.3
779,32045.0
780,31808.4
781,30029.4
782,28806.8
783,29366.9
784,30533.5
785,30792.8
786,34043.5
787,34017.2
788,31818.5
789,34600.5
790,30212.2
791,33035.4
792,32324.7
793,33275.9
794,33413.8
795,33407.3
796,32079.5
797,30616.4
798,32211.0
799,31228.1
800,29774.0
801,32332.3
802,31885.2
803,31913.5
804,32321.1
805,31713.7
806,31589.6
807,34134.4
808,31898.8
809,32091.8
810,34653.1
811,33046.7
812,33250.1
813,32341.8
814,33676.2
815,32629.1
816,32808.9
817,32842.5
818,33368.9
819,32437.9
820,32188.9
821,32304.3
822,32855.6
823,34163.3
824,32883.1
825,32966.4
826,34107.0
827,33569.1
828,33847.3
829,33631.8
830,33382.7
831,33448.1
832,33220.5
833,35236.3
834,33244.9
835,35778.8
836,35075.4
837,36986.6
838,35327.3
839,34049.2
840,35155.5
841,37926.8
842,34904.4
843,37556.1
844,38641.2
845,37305.9
846,35909.6
847,36915.5
848,36020.7
849,35904.3
850,36578.5
851,37156.9
852,36832.6
853,38264.1
854,36767.3
855,38078.1
856,39543.5
857,38699.2
858,37595.3
859,39915.0
860,38226.4
861,37998.2
862,39056.5
863,40263.6
864,36056.1
865,36651.8
866,37876.9
867,38279.6
868,38836.4
869,37042.6
870,37968.9
871,38263.5
872,36871.0
873,37345.6
874,37487.9
875,40682.9
876,39971.8
877,37990.4
878,38804.1
879,39879.7
880,40097.9
881,38492.3
882,38573.4
883,40678.1
884,39613.2
885,39101.5
886,40578.2
887,38160.1
888,39703.2
889,40865.4
890,42090.3
891,40148.9
892,42429.9
893,39574.8
894,39775.0
895,40440.5
896,41442.6
897,39796.8
898,40214.3
899,37281.4
900,41373.8
901,41190.1
902,38724.3
903,40225.3
904,40274.3
905,42911.9
906,40698.9
907,43519.0
908,40037.5
909,40808.8
910,40493.2
911,40093.6
912,40802.6
913,39036.9
914,42335.9
915,41962.0
916,41902.8
917,41154.7
918,42524.5
919,42577.7
920,43059.3
921,40009.9
922,45255.1
923,41379.0
924,44554.5
925,41599.0
926,42720.2
927,45867.5
928,44326.4
929,44833.2
930,45428.4
931,44951.3
932,43232.7
933,43518.2
934,42582.3
935,44072.6
936,45250.2
937,43764.1
938,43590.2
939,44321.5
940,47567.8
941,43397.7
942,44230.3
943,46061.4
944,45649.4
945,43218.7
946,45504.7
947,46357.1
948,45457.0
949,45038.2
950,46413.6
951,45939.0
952,47041.1
953,46364.1
954,48051.9
955,45732.6
956,49123.3
957,48278.4
958,48324.3
959,48798.8
960,48236.6
961,48877.7
962,50561.1
963,50462.7
964,47440.1
965,49370.0
966,49550.7
967,50434.1
968,52051.6
969,49417.4
970,49541.6
971,45807.8
972,48890.9
973,47191.7
974,46194.5
975,47975.0
976,47713.9
977,47620.9
978,49293.7
979,47184.0
980,49726.5
981,49299.1
982,49325.0
983,51400.1
984,49202.5
985,48664.8
986,48967.9
987,48823.6
988,51066.3
989,51924.2
990,50327.9
991,53003.7
992,49055.3
993,54062.0
994,53006.2
995,48026.3
996,48984.1
997,48811.2
998,48114.1
999,50565.6
1000,51912.5
1001,50533.8
1002,49828.2
1003,48653.2
1004,54130.9
1005,52052.0
1006,50428.3
1007,50953.7
1008,51087.4
1009,52169.8
1010,51966.3
1011,54840.3
1012,51350.9
1013,52277.6
1014,52382.8
1015,52321.0
1016,53334.1
1017,52433.5
1018,52083.8
1019,54536.3
1020,51180.3
1021,51872.5
1022,50707.9
1023,48140.3
1024,52835.2
1025,50461.0
1026,52325.5
1027,51966.9
1028,50425.8
1029,52003.5
1030,51586.8
1031,50613.7
1032,52128.3
1033,52103.7
1034,51047.8
1035,52326.3
1036,55094.3
1037,58009.9
1038,56536.2
1039,59744.5
1040,57942.9
1041,54226.9
1042,55086.5
1043,52919.5
1044,53664.5
1045,52298.7
1046,53503.3
1047,52506.5
1048,55354.9
1049,52904.9
1050,53225.9
1051,53096.9
1052,54659.4
1053,52745.3
1054,54445.9
1055,55236.8
1056,54116.3
1057,56697.1
1058,58545.5
1059,55657.1
1060,56823.6
1061,56074.0
1062,60249.6
1063,59711.1
1064,58620.5
1065,61206.3
1066,64556.1
1067,60117.8
1068,59154.0
1069,60027.6
1070,63293.3
1071,58509.1
1072,57512.1
1073,57484.8
1074,58047.1
1075,59168.5
1076,59841.9
1077,57376.6
1078,58425.5
1079,59632.0
1080,58514.7
1081,59320.8
1082,61162.9
1083,65683.3
1084,63985.3
1085,60885.6
1086,56514.4
1087,62868.0
1088,63573.8
1089,61196.1
1090,60282.8
1091,63040.5
1092,63892.8
1093,60917.8
1094,60072.1
1095,63821.9
1096,62401.7
1097,62188.6
1098,61312.9
1099,60217.8
1100,58020.8
1101,60675.1
1102,62275.1
1103,59910.0
1104,60390.9
1105,60015.6
1106,60236.3
1107,60264.3
1108,62117.7
1109,60633.8
1110,59916.8
1111,58132.6
1112,62662.3
1113,59780.7
1114,62547.3
1115,60589.2
1116,61390.1
1117,62628.2
1118,62475.1
1119,61073.2
1120,63272.7
1121,62487.5
1122,65544.1
1123,62010.7
1124,60805.4
1125,62688.7
1126,62036.1
1127,63779.7
1128,62644.2
1129,65986.8
1130,66611.2
1131,64360.0
1132,63423.7
1133,67213.1
1134,63527.5
1135,68809.7
1136,67608.9
1137,65295.9
1138,66265.3
1139,64136.3
1140,64518.7
1141,63232.2
1142,66450.1
1143,63963.6
1144,66263.0
1145,64659.2
1146,63869.2
1147,62541.7
1148,63963.3
1149,62262.3
1150,65840.7
1151,63581.1
1152,65429.1
1153,63831.9
1154,64375.0
1155,64439.4
1156,68634.9
1157,63802.4
1158,66788.3
1159,65994.2
1160,65152.8
1161,63243.7
1162,66279.3
1163,65025.1
1164,67178.6
1165,67116.8
1166,67759.7
1167,69953.3
1168,67652.1
1169,68050.3
1170,66609.7
1171,65302.0
1172,69884.3
1173,66990.9
1174,68664.2
1175,66306.2
1176,67192.0
1177,66714.9
1178,68105.9
1179,68984.9
1180,65296.6
1181,68307.7
1182,69902.4
1183,69591.2
1184,69287.6
1185,68691.3
1186,66771.1
1187,68079.3
1188,69192.2
1189,68782.6
1190,67700.5
1191,69386.1
1192,69358.9
1193,71023.0
1194,69208.4
1195,71608.2
1196,68941.4
1197,67694.5
1198,69808.4
1199,71643.7
1200,68353.0
1201,70574.5
1202,70657.5
1203,69703.6
1204,72042.6
1205,69363.8
1206,68610.0
1207,70244.4
1208,69586.4
1209,67781.4
1210,71004.8
1211,71012.1
1212,74390.5
1213,74113.5
1214,76101.7
1215,75545.9
1216,74663.2
1217,72899.4
1218,73600.2
1219,73328.3
1220,73690.0
1221,74545.4
1222,82099.7
1223,76465.1
1224,72475.8
1225,73473.2
1226,71091.0
1227,74057.7
1228,72932.0
1229,73415.0
1230,73835.8
1231,75536.7
1232,72565.8
1233,73318.6
1234,73417.9
1235,74206.4
1236,72526.8
1237,80381.3
1238,72479.9
1239,76189.4
1240,74051.3
1241,73986.3
1242,72423.0
1243,71449.4
1244,74623.0
1245,72475.3
1246,74886.4
1247,74854.1
1248,73497.3
1249,71978.5
1250,73321.8
1251,76001.4
1252,72475.9
1253,75959.3
1254,72894.9
1255,75528.2
1256,75923.9
1257,76542.4
1258,77912.5
1259,77490.9
1260,76131.1
1261,76834.4
1262,76895.1
1263,77500.7
1264,77343.8
1265,78515.1
1266,77844.8
1267,71905.0
1268,75392.9
1269,77736.4
1270,75507.8
1271,74395.9
1272,73553.9
1273,76432.1
1274,79028.5
1275,77123.0
1276,79791.5
1277,78831.6
1278,79685.8
1279,80696.6
1280,80120.4
1281,77487.6
1282,79752.8
1283,79949.5
1284,78514.3
1285,80099.2
1286,79149.2
1287,78069.3
1288,76177.5
1289,80530.2
1290,81863.4
1291,80549.8
1292,80617.9
1293,81144.4
1294,81141.3
1295,78334.8
1296,80974.5
1297,79555.1
1298,78935.5
1299,80822.4
1300,82348.9
1301,82439.2
1302,81743.8
1303,78685.6
1304,83569.1
1305,81586.6
1306,83672.7
1307,80114.7
1308,82837.3
1309,81380.4
1310,79653.4
1311,80703.9
1312,85341.7
1313,82597.0
1314,80983.7
1315,86216.2
1316,81444.1
1317,80011.8
1318,86342.9
1319,83066.2
1320,82949.6
1321,83497.2
1322,83488.6
1323,84910.9
1324,86256.7
1325,84357.7
1326,81524.3
1327,81204.7
1328,81710.4
1329,85503.0
1330,82609.3
1331,87159.1
1332,83392.5
1333,84673.8
1334,85419.0
1335,84306.9
1336,85844.0
1337,87417.4
1338,85551.4
1339,83901.5
1340,83693.5
1341,84411.9
1342,86570.8
1343,86826.8
1344,86965.4
1345,89437.7
1346,86116.1
1347,85813.0
1348,85865.5
1349,85571.7
1350,84503.8
1351,89172.9
1352,86905.7
1353,89318.0
1354,84545.0
1355,88616.0
1356,86913.9
1357,85104.7
1358,88467.3
1359,88821.9
1360,90140.1
1361,89907.6
1362,88560.9
1363,87685.4
1364,87228.9
1365,89270.3
1366,88868.7
1367,89361.9
1368,91272.8
1369,86933.1
1370,88292.7
1371,88892.2
1372,89105.5
1373,90404.7
1374,89125.4
1375,89893.7
1376,91513.8
1377,88361.1
1378,88380.9
1379,91961.8
1380,91314.6
1381,90244.5
1382,90244.5
1383,90876.8
1384,90575.7
1385,91701.4
1386,91033.8
1387,89812.9
1388,88968.1
1389,90486.0
1390,91699.5
1391,93270.7
1392,92383.2
1393,97814.7
1394,96166.8
1395,97031.4
1396,97056.6
1397,95756.7
1398,104773.1
1399,96106.0
1400,96410.3
1401,94657.0
1402,100802.0
1403,95449.1
1404,93825.8
1405,98521.8
1406,98565.1
1407,102985.3
1408,105119.6
1409,104382.9
1410,103923.3
1411,104553.7
1412,104655.7
1413,99995.9
1414,101093.7
1415,103946.6
1416,102014.0
1417,100049.9
1418,98280.6
1419,104787.3
1420,98741.9
1421,103624.4
1422,95237.9
1423,96329.8
1424,97756.8
1425,95920.7
1426,93442.4
1427,97415.8
1428,93988.5
1429,97852.3
1430,97603.6
1431,96724.5
1432,96957.6
1433,104305.5
1434,95511.4
1435,96470.8
1436,107294.2
1437,104369.5
1438,110237.6
1439,111910.0
1440,107942.2
1441,110275.5
1442,101462.0
1443,102813.4
1444,100080.3
1445,97903.1
1446,102023.2
1447,101420.2
1448,105752.8
1449,110097.5
1450,109109.3
1451,109927.0
1452,109428.5
1453,107013.7
1454,109101.1
1455,111545.7
1456,112124.7
1457,106472.3
1458,111913.4
1459,106068.4
1460,105471.3
1461,106452.2
1462,102908.5
1463,105788.8
1464,108596.9
1465,105628.9
1466,103316.2
1467,103689.0
1468,101713.7
1469,106590.7
1470,107182.2
1471,105840.4
1472,105379.9
1473,106872.1
1474,103413.1
1475,107526.5
1476,108575.6
1477,106575.2
1478,109733.6
1479,107980.7
1480,111637.5
1481,109023.7
1482,107575.9
1483,112366.9
1484,111032.1
1485,108064.3
1486,108443.2
1487,112214.9
1488,109572.6
1489,109481.7
1490,110654.6
1491,111396.0
1492,108952.1
1493,113605.4
1494,110620.0
1495,114335.0
1496,110571.2
1497,106555.7
1498,107848.5
1499,108655.8
1500,112157.5
1501,112247.3
1502,112209.8
1503,112510.7
1504,107845.2
1505,114762.2
1506,113146.9
1507,114556.6
1508,109927.4
1509,112015.0
1510,110256.0
1511,112840.4
1512,111510.2
1513,114578.0
1514,113653.4
1515,113574.0
1516,116866.8
1517,112145.6
1518,113374.1
1519,115267.9
1520,112547.7
1521,111780.8
1522,115172.8
1523,110822.6
1524,111914.1
1525,115008.2
1526,113758.5
1527,114987.0
1528,113547.0
1529,115794.2
1530,115173.3
1531,112806.9
1532,110090.0
1533,111850.7
1534,114531.1
1535,109992.8
1536,109046.7
1537,111910.9
1538,113964.6
1539,111681.6
1540,114222.3
1541,120278.9
1542,111933.8
1543,112042.2
1544,117195.0
1545,118109.4
1546,116245.0
1547,113054.6
1548,114543.1
1549,115114.6
1550,116973.8
1551,117104.6
1552,115753.9
1553,118535.3
1554,118907.0
1555,119003.4
1556,118058.8
1557,118339.0
1558,112774.5
1559,120877.9
1560,117777.8
1561,119024.6
1562,117698.0
1563,121240.1
1564,121384.9
1565,120945.1
1566,119830.7
1567,121900.4
1568,116145.9
1569,115737.0
1570,123409.1
1571,119856.3
1572,116102.5
1573,119573.2
1574,121584.9
1575,121401.7
1576,120950.9
1577,122623.1
1578,122719.3
1579,123673.8
1580,123997.1
1581,122761.9
1582,119308.7
1583,119177.9
1584,122557.0
1585,119914.1
1586,120258.1
1587,123903.6
1588,130661.8
1589,133389.2
1590,134384.3
1591,133129.0
1592,122694.3
1593,127711.6
1594,123401.4
1595,126894.0
1596,127580.7
1597,125243.8
1598,124381.4
1599,123131.6
1600,123422.5
1601,123797.1
1602,125973.5
1603,118782.2
1604,125174.0
1605,136251.9
1606,134033.8
1607,131128.7
1608,130204.7
1609,131367.3
1610,130717.1
1611,127720.1
1612,131157.1
1613,129114.8
1614,121262.9
1615,120561.1
1616,116689.7
1617,116247.9
1618,120511.3
1619,118775.3
1620,128231.6
1621,123867.0
1622,127454.3
1623,124763.4
1624,123851.1
1625,128846.3
1626,125661.8
1627,126650.8
1628,124382.7
1629,125020.3
1630,129731.8
1631,124828.4
1632,126083.0
1633,126684.8
1634,132418.0
1635,129448.6
1636,132260.3
1637,126415.9
1638,127731.9
1639,128342.6
1640,120497.7
1641,136060.2
1642,140716.4
1643,132942.2
1644,135141.8
1645,142181.2
1646,141260.4
1647,129741.4
1648,142563.7
1649,130142.3
1650,126944.5
1651,126101.6
1652,138050.9
1653,128389.5
1654,133244.1
1655,124306.3
1656,131915.8
1657,135670.5
1658,134133.8
1659,128773.3
1660,129262.8
1661,125872.8
1662,127147.3
1663,124017.6
1664,126912.2
1665,126819.8
1666,133860.0
1667,132848.0
1668,130360.3
1669,127977.9
1670,134000.7
1671,135274.2
1672,137801.8
1673,133770.5
1674,129811.0
1675,133369.2
1676,129487.1
1677,132072.3
1678,131469.1
1679,128391.8
1680,130160.3
1681,123024.8
1682,126831.2
1683,132544.1
1684,128100.3
1685,132727.2
1686,131298.8
1687,133377.3
1688,127240.1
1689,125347.9
1690,131438.0
1691,133158.2
1692,129418.7
1693,135919.2
1694,128110.4
1695,130957.9
1696,132841.6
1697,127765.7
1698,133088.9
1699,131368.4
1700,134615.6
1701,126411.7
1702,135797.6
1703,132960.7
1704,133942.8
1705,134809.2
1706,130248.4
1707,134991.0
1708,135014.6
1709,139656.1
1710,139298.4
1711,143312.1
1712,152952.3
1713,142048.0
1714,140765.2
1715,137369.4
1716,138711.8
1717,139213.1
1718,142659.4
1719,142816.0
1720,141615.5
1721,140267.3
1722,136217.8
1723,137263.9
1724,140471.3
1725,133176.0
1726,139341.5
1727,130068.1
1728,142157.4
1729,137462.5
1730,136083.1
1731,139766.5
1732,134507.7
1733,135624.1
1734,136632.8
1735,156197.6
1736,153251.8
1737,144481.8
1738,137307.4
1739,135913.3
1740,135465.2
1741,136796.8
1742,141429.8
1743,139061.2
1744,152492.4
1745,151585.1
1746,164635.9
1747,143639.1
1748,139654.7
1749,141783.8
1750,135750.9
1751,147528.0
1752,140224.5
1753,142917.0
1754,140323.8
1755,143555.5
1756,142966.4
1757,148282.7
1758,144873.4
1759,139394.1
1760,142994.0
1761,141118.0
1762,142836.9
1763,148553.6
1764,145003.0
1765,138787.8
1766,141391.3
1767,144020.0
1768,143528.7
1769,156723.2
1770,160148.0
1771,152977.3
1772,143832.3
1773,144643.6
1774,141193.6
1775,142402.1
1776,143837.1
1777,142836.0
1778,154777.6
1779,160846.4
1780,148182.7
1781,148629.5
1782,144905.4
1783,144757.0
1784,148163.5
1785,140391.9
1786,155100.9
1787,148696.4
1788,156538.6
1789,164349.0
1790,165244.5
1791,163931.6
1792,168716.0
1793,155799.0
1794,157063.9
1795,152876.1
1796,159999.9
1797,155789.8
1798,150271.4
1799,152465.9
1800,149025.9
1801,157168.3
1802,154466.0
1803,158242.0
1804,149274.6
1805,155473.1
1806,170475.8
1807,164145.2
1808,159589.7
1809,154182.4
1810,156071.6
1811,152175.7
1812,161635.0
1813,158073.1
1814,162871.6
1815,157748.9
1816,162088.3
1817,160838.5
1818,163230.1
1819,158510.7
1820,150073.9
1821,155394.6
1822,157584.8
1823,153608.8
1824,160088.6
1825,162177.1
1826,154007.2
1827,156295.7
1828,162036.6
1829,152712.0
1830,167863.8
1831,166879.1
1832,154416.3
1833,149547.2
1834,154493.4
1835,158417.4
1836,161531.5
1837,172424.5
1838,152030.9
1839,156899.6
1840,153856.5
1841,152005.0
1842,168245.9
1843,165518.7
1844,168581.6
1845,166903.2
1846,169605.0
1847,168798.9
1848,172374.2
1849,175610.6
1850,174360.5
1851,168811.5
1852,168401.3
1853,169806.4
1854,171960.7
1855,165140.5
1856,170373.9
1857,171729.8
1858,162847.8
1859,175280.2
1860,163887.4
1861,164822.5
1862,165552.7
1863,164112.9
1864,165930.6
1865,167027.3
1866,160440.1
1867,167965.3
1868,162332.9
1869,164225.6
1870,163327.3
1871,167612.0
1872,163947.0
1873,162942.2
1874,176316.7
1875,170363.8
1876,164007.2
1877,164213.4
1878,161066.2
1879,165764.8
1880,161097.3
1881,173473.5
1882,159186.6
1883,166892.3
1884,174321.5
1885,162760.0
1886,164814.0
1887,173404.0
1888,173889.8
1889,170082.1
1890,172594.9
1891,176698.5
1892,183000.4
1893,179784.2
1894,176824.5
1895,178545.9
1896,175043.6
1897,171130.3
1898,169413.2
1899,170293.1
1900,170441.7
1901,165946.9
1902,164704.3
1903,166147.2
1904,163637.3
1905,165985.5
1906,172219.7
1907,167829.1
1908,166037.6
1909,173125.6
1910,173967.7
1911,172811.7
1912,171826.6
1913,180615.8
1914,182235.3
1915,170297.1
1916,161497.0
1917,166855.5
1918,171374.2
1919,171106.2
1920,166328.4
1921,170639.4
1922,174169.7
1923,166675.9
1924,178335.5
1925,175219.3
1926,175372.2
1927,174395.9
1928,173619.0
1929,179873.0
1930,176065.7
1931,171190.0
1932,174421.9
1933,177880.1
1934,183462.6
1935,177674.0
1936,175769.2
1937,166069.6
1938,174641.0
1939,176710.0
1940,186973.7
1941,176790.9
1942,173345.4
1943,170905.0
1944,171307.0
1945,176893.1
1946,171256.4
1947,181204.6
1948,185249.8
1949,194611.6
1950,175452.3
1951,177650.7
1952,178404.2
1953,178138.2
1954,173836.0
1955,176091.4
1956,173794.0
1957,176227.4
1958,176405.6
1959,175472.1
1960,180547.8
1961,180556.6
1962,176514.1
1963,185076.7
1964,180293.4
1965,168071.4
1966,174574.2
1967,181195.4
1968,186255.6
1969,176621.8
1970,185369.5
1971,190805.1
1972,190047.2
1973,193249.5
1974,193555.5
1975,189832.4
1976,185901.7
1977,189248.7
1978,177524.0
1979,193835.8
1980,194214.5
1981,189513.6
1982,193011.8
1983,184107.4
1984,181985.5
1985,193834.6
1986,192965.5
1987,190716.0
1988,194681.0
1989,193038.7
1990,203017.9
1991,185784.2
1992,180214.9
1993,182015.3
1994,185709.7
1995,187173.8
1996,181618.3
1997,187573.5
1998,188402.9
1999,176000.0
2000,187526.4
2001,183339.0
2002,186561.7
2003,181678.5
2004,185852.8
2005,183330.2
2006,184965.3
2007,172302.1
2008,180101.0
2009,181119.3
2010,184877.2
2011,185314.3
2012,182722.2
2013,179935.8
2014,183452.1
2015,185141.4
2016,200531.5
2017,188539.9
2018,180770.3
2019,202195.5
2020,192973.6
2021,195062.3
2022,190422.6
2023,191905.9
2024,196861.5
2025,198073.3
2026,215666.1
2027,196641.7
2028,206637.3
2029,201491.0
2030,188308.3
2031,194781.0
2032,194891.7
2033,199519.7
2034,201652.7
2035,198913.3
2036,191144.4
2037,195126.3
2038,197176.3
2039,196968.6
2040,192631.6
2041,199365.9
2042,199191.5
2043,196222.5
2044,192098.3
2045,185344.4
2046,194245.6
2047,188763.0
2048,202466.8
2049,201498.3
2050,192481.1
2051,187238.9
2052,194195.6
2053,202362.7
2054,193690.4
2055,205186.7
2056,205759.3
2057,205892.2
2058,194149.5
2059,213137.7
2060,199405.1
2061,197379.7
2062,198328.1
2063,205188.5
2064,194069.8
2065,204991.9
2066,214602.5
2067,205876.5
2068,209372.4
2069,206108.5
2070,189679.0
2071,203635.2
2072,192258.2
2073,195233.1
2074,204958.1
2075,206054.1
2076,194216.5
2077,207553.7
2078,195329.0
2079,208925.4
2080,219988.5
2081,209083.0
2082,211420.3
2083,206272.7
2084,202111.9
2085,208575.9
2086,209653.0
2087,216969.9
2088,217727.6
2089,205208.4
2090,209000.5
2091,212698.4
2092,209808.4
2093,204161.3
2094,199608.8
2095,205470.7
2096,199506.3
2097,212887.0
2098,204572.2
2099,200264.3
2100,208544.9
2101,196970.2
2102,206985.1
2103,203833.3
2104,201874.7
2105,211442.6
2106,203735.5
2107,198968.9
2108,200138.9
2109,202836.1
2110,197465.8
2111,209602.6
2112,202285.2
2113,202973.7
2114,216115.3
2115,221173.7
2116,216679.5
2117,217710.6
2118,203324.0
2119,191305.2
2120,202718.3
2121,208133.6
2122,199673.3
2123,207874.0
2124,211151.4
2125,211953.4
2126,211652.7
2127,214053.2
2128,205426.5
2129,215634.9
2130,198320.0
2131,212896.5
2132,210959.7
2133,212136.5
2134,189625.8
2135,202738.7
2136,212279.9
2137,212078.1
2138,223968.5
2139,215188.1
2140,205405.8
2141,199730.2
2142,190771.8
2143,199688.8
2144,201077.1
2145,212379.4
2146,212500.3
2147,205588.7
2148,204951.8
2149,205710.7
2150,208068.0
2151,205107.0
2152,226039.8
2153,218811.2
2154,221204.8
2155,212594.2
2156,217613.6
2157,220301.5
2158,219659.4
2159,217505.4
2160,219258.0
2161,219685.4
2162,214811.7
2163,218585.2
2164,221617.0
2165,220491.3
2166,218729.5
2167,212964.1
2168,215041.6
2169,220232.5
2170,217205.7
2171,225189.3
2172,226042.9
2173,221099.1
2174,228127.5
2175,237522.8
2176,226575.8
2177,220466.4
2178,225372.1
2179,221971.2
2180,222936.9
2181,226427.0
2182,234722.8
2183,208326.4
2184,231427.1
2185,215782.2
2186,212870.2
2187,219121.4
2188,222764.5
2189,214759.8
2190,217790.3
2191,216817.0
2192,210848.9
2193,201987.8
2194,224363.5
2195,222602.8
2196,219661.9
2197,207261.8
2198,211493.2
2199,218677.8
2200,218503.7
2201,223405.4
2202,223147.3
2203,213141.6
2204,220586.4
2205,220218.9
2206,211434.8
2207,207886.1
2208,226591.2
2209,214432.0
2210,216470.7
2211,212688.3
2212,220946.2
2213,215451.0
2214,222412.2
2215,223162.4
2216,227600.8
2217,221310.6
2218,220601.4
2219,223935.0
2220,224879.5
2221,232891.9
2222,223708.6
2223,226347.4
2224,237629.2
2225,228840.2
2226,226474.1
2227,225614.4
2228,223285.4
2229,221301.1
2230,215400.4
2231,214239.9
2232,212546.1
2233,212928.9
2234,218320.1
2235,212901.8
2236,216489.2
2237,227646.0
2238,218997.2
2239,213513.7
2240,219861.0
2241,218592.7
2242,227155.9
2243,223483.9
2244,216939.1
2245,211607.5
2246,222993.5
2247,224815.1
2248,215736.0
2249,219928.7
2250,213437.8
2251,219459.6
2252,223080.8
2253,212429.3
2254,216329.0
2255,222497.6
2256,214917.6
2257,219980.8
2258,212992.6
2259,220428.8
2260,222800.1
2261,220619.2
2262,219008.4
2263,220123.6
2264,223381.0
2265,217263.5
2266,220441.2
2267,224593.3
2268,211850.0
2269,221148.1
2270,229284.0
2271,217888.0
2272,221651.9
2273,214774.0
2274,218559.3
2275,232911.5
2276,225139.7
2277,223208.9
2278,226401.1
2279,231009.3
2280,217526.2
2281,229163.0
2282,223055.9
2283,226309.1
2284,237896.0
2285,237272.0
2286,233924.7
2287,217193.5
2288,222491.7
2289,223833.6
2290,218407.3
2291,226521.8
2292,219595.9
2293,216641.7
2294,219494.9
2295,228332.4
2296,213024.2
2297,221534.9
2298,223819.5
2299,223102.5
2300,223502.2
2301,226533.5
2302,212190.9
2303,211046.5
2304,219366.1
2305,226230.4
2306,226309.6
2307,221379.7
2308,231076.3
2309,239914.1
2310,240694.4
2311,246712.7
2312,248545.7
2313,241262.5
2314,241041.1
2315,223749.3
2316,234201.8
2317,230106.4
2318,227071.5
2319,233936.5
2320,222636.6
2321,233774.1
2322,229134.0
2323,230499.9
2324,234494.9
2325,231432.9
2326,233679.1
2327,229419.3
2328,221337.6
2329,233443.4
2330,216450.6
2331,249098.3
2332,247437.2
2333,240634.4
2334,240058.2
2335,232797.0
2336,246434.4
2337,226747.6
2338,230925.7
2339,248874.5
2340,249570.0
2341,245387.1
2342,246277.7
2343,249102.2
2344,242037.3
2345,238080.3
2346,236595.2
2347,240701.6
2348,228779.7
2349,239857.8
2350,236035.0
2351,230689.9
2352,238815.3
2353,255798.3
2354,250814.4
2355,250893.3
2356,251993.3
2357,242175.4
2358,245808.4
2359,240292.2
2360,238669.2
2361,249169.8
2362,251666.7
2363,243824.5
2364,228986.4
2365,232730.6
2366,237635.7
2367,238820.7
2368,235324.2
2369,231501.5
2370,222895.7
2371,239964.1
2372,237321.9
2373,239208.8
2374,232599.4
2375,240637.2
2376,238784.1
2377,233259.1
2378,245434.0
2379,253087.0
2380,240789.3
2381,259458.5
2382,253804.6
2383,254686.9
2384,238490.3
2385,238604.0
2386,238909.0
2387,239400.0
2388,236890.8
2389,239646.0
2390,228061.0
2391,256950.2
2392,261231.3
2393,263984.1
2394,257486.4
2395,249555.8
2396,250004.7
2397,242378.5
2398,242256.6
2399,246579.9
2400,247908.5
2401,239121.1
2402,236580.2
2403,236582.9
2404,242382.1
2405,229750.4
2406,245266.5
2407,248004.2
2408,240848.8
2409,249327.2
2410,244220.1
2411,236959.7
2412,256228.0
2413,268950.5
2414,249905.1
2415,244227.9
2416,250897.5
2417,243864.2
2418,257964.3
2419,248194.2
2420,249467.3
2421,244429.4
2422,255989.3
2423,253592.8
2424,238371.2
2425,242842.2
2426,245404.7
2427,247476.8
2428,266740.5
2429,248261.5
2430,254799.4
2431,254612.8
2432,261702.3
2433,256674.6
2434,256496.4
2435,268534.7
2436,240803.8
2437,249215.9
2438,243533.0
2439,248738.7
2440,240470.9
2441,271102.2
2442,258311.7
2443,262502.3
2444,260564.5
2445,249043.1
2446,248750.8
2447,257333.9
2448,260083.1
2449,266856.8
2450,241790.3
2451,268263.9
2452,268091.8
2453,256982.0
2454,238723.9
2455,261904.4
2456,239696.5
2457,263853.2
2458,260012.0
2459,257059.5
2460,271163.0
2461,268343.9
2462,266895.8
2463,267898.8
2464,256278.6
2465,252017.5
2466,259835.6
2467,280420.8
2468,268339.9
2469,261275.8
2470,263545.1
2471,269415.3
2472,264979.8
2473,259008.7
2474,269862.9
2475,259595.8
2476,257241.8
2477,261561.5
2478,255562.3
2479,258011.4
2480,253954.9
2481,260966.3
2482,263358.4
2483,266958.2
2484,256294.1
2485,255104.4
2486,263269.4
2487,261380.6
2488,258792.0
2489,258080.6
2490,260084.2
2491,258731.9
2492,256273.5
2493,267736.9
2494,272123.0
2495,257611.5
2496,275875.0
2497,265015.7
2498,268353.5
2499,270540.8
2500,267678.1
2501,282119.0
2502,260796.0
2503,278692.3
2504,275997.0
2505,262168.7
2506,276603.4
2507,262914.7
2508,270238.4
2509,258476.6
2510,264878.6
2511,246905.1
2512,268527.5
2513,254540.4
2514,262836.7
2515,266549.5
2516,253407.1
2517,250314.2
2518,254694.0
2519,248727.6
2520,233248.8
2521,264005.8
2522,245989.6
2523,257913.8
2524,262850.7
2525,265274.4
2526,254254.1
2527,258455.8
2528,249823.0
2529,260617.0
2530,266922.6
2531,265611.0
2532,255543.7
2533,254059.1
2534,266126.5
2535,264111.4
2536,259625.7
2537,266707.6
2538,255260.2
2539,266842.0
2540,256268.5
2541,265930.2
2542,256176.5
2543,248617.7
2544,263364.0
2545,262494.0
2546,259845.3
2547,264249.4
2548,261484.7
2549,259987.9
2550,263697.8
2551,273555.9
2552,264037.3
2553,268730.8
2554,265111.1
2555,270948.7
2556,266137.4
2557,258818.1
2558,266358.1
2559,261732.2
2560,268807.5
2561,253480.1
2562,274210.8
2563,257628.7
2564,263645.6
2565,264762.0
2566,255659.7
2567,269439.1
2568,271056.0
2569,266340.3
2570,268789.8
2571,262740.0
2572,271640.5
2573,269829.6
2574,269562.0
2575,269750.0
2576,263605.7
2577,269460.4
2578,266053.9
2579,266428.4
2580,261290.3
2581,265778.3
2582,271051.9
2583,260871.6
2584,273080.0
2585,264510.4
2586,270465.5
2587,268552.4
2588,271354.5
2589,269581.4
2590,268952.4
2591,279642.5
2592,267545.5
2593,267477.3
2594,278506.7
2595,276268.4
2596,272211.7
2597,288019.7
2598,267454.5
2599,281972.8
2600,290149.7
2601,285512.6
2602,296884.1
2603,301782.1
2604,291864.1
2605,276896.1
2606,269574.5
2607,278976.0
2608,285235.2
2609,282551.5
2610,286841.5
2611,285195.4
2612,284424.5
2613,264811.8
2614,274217.1
2615,287834.6
2616,277667.4
2617,284241.1
2618,278007.0
2619,285637.4
2620,272729.1
2621,271092.7
2622,280304.9
2623,286964.8
2624,298576.7
2625,291581.4
2626,297550.3
2627,297289.3
2628,305270.1
2629,303491.2
2630,305597.0
2631,297039.5
2632,269569.1
2633,313901.7
2634,310545.1
2635,314579.7
2636,295401.1
2637,303711.7
2638,297540.5
2639,319369.0
2640,308506.0
2641,321500.6
2642,312487.9
2643,300378.8
2644,322808.0
2645,307375.3
2646,308679.3
2647,315929.7
2648,315101.5
2649,328307.9
2650,326661.2
2651,323426.4
2652,307063.2
2653,298712.2
2654,298614.9
2655,296075.6
2656,310553.4
2657,313037.3
2658,304336.8
2659,306697.7
2660,295106.0
2661,297588.9
2662,303022.1
2663,308487.9
2664,310946.3
2665,313978.9
2666,299924.0
2667,298143.8
2668,312045.1
2669,302888.5
2670,292949.1
2671,300277.6
2672,304744.1
2673,306254.3
2674,304989.7
2675,310358.7
2676,289522.3
2677,302802.8
2678,295338.0
2679,317139.9
2680,328655.2
2681,330531.1
2682,322315.2
2683,310465.1
2684,307825.4
2685,322929.7
2686,320553.3
2687,309289.8
2688,338358.5
2689,331077.7
2690,318419.6
2691,318999.8
2692,293451.9
2693,323356.4
2694,298379.5
2695,304384.9
2696,310859.1
2697,301971.8
2698,305854.5
2699,321144.9
2700,313286.6
2701,314817.8
2702,318156.7
2703,321287.7
2704,308267.1
2705,315608.1
2706,311862.1
2707,323455.3
2708,307324.5
2709,319255.3
2710,328079.5
2711,299894.7
2712,302883.7
2713,308033.6
2714,314310.8
2715,321262.1
2716,319726.2
2717,319044.9
2718,318885.0
2719,316715.1
2720,312640.6
2721,314343.7
2722,317505.7
2723,326733.6
2724,309526.8
2725,307244.5
2726,308546.6
2727,323507.9
2728,313302.8
2729,319559.8
2730,317309.0
2731,309894.5
2732,312618.4
2733,315304.5
2734,326251.8
2735,325576.9
2736,315153.4
2737,311631.2
2738,307549.8
2739,311327.8
2740,314015.9
2741,324077.1
2742,307646.5
2743,323780.1
2744,313793.5
2745,307936.8
2746,292469.5
2747,316623.2
2748,317006.3
2749,314352.7
2750,301632.2
2751,334294.7
2752,342635.5
2753,329322.2
2754,315420.1
2755,339165.7
2756,333619.7
2757,351641.6
2758,335658.1
2759,338763.4
2760,302922.9
2761,320806.1
2762,307234.9
2763,340795.2
2764,341978.8
2765,356067.8
2766,329938.2
2767,315528.7
2768,327056.5
2769,319544.1
2770,322453.7
2771,320581.0
2772,325102.0
2773,313781.4
2774,337877.4
2775,330797.6
2776,324906.0
2777,316333.5
2778,331800.2
2779,331364.7
2780,323364.1
2781,328958.6
2782,338023.0
2783,311085.2
2784,321999.0
2785,328742.9
2786,339278.7
2787,336247.9
2788,336316.4
2789,339914.6
2790,333523.5
2791,338781.3
2792,339416.1
2793,347436.7
2794,330826.4
2795,325596.0
2796,302729.1
2797,344754.8
2798,316774.4
2799,326492.2
2800,322815.8
2801,323184.4
2802,306435.6
2803,337985.2
2804,341935.4
2805,339908.1
2806,330957.5
2807,344269.6
2808,332719.9
2809,325227.7
2810,330511.0
2811,328177.9
2812,328294.4
2813,331157.7
2814,332068.5
2815,334303.5
2816,336992.8
2817,342571.1
2818,340606.9
2819,342485.7
2820,354995.4
2821,333147.2
2822,335276.2
2823,338729.0
2824,336026.6
2825,317127.4
2826,353807.2
2827,331715.2
2828,326603.5
2829,346180.2
2830,348240.4
2831,336813.9
2832,349665.2
2833,319386.4
2834,347045.5
2835,331645.4
2836,345351.4
2837,331455.7
2838,332248.2
2839,338514.9
2840,335103.9
2841,355205.4
2842,325449.5
2843,326974.5
2844,326073.5
2845,334094.0
2846,331888.2
2847,342864.1
2848,333752.7
2849,333002.3
2850,330083.9
2851,335062.6
2852,336855.8
2853,325610.9
2854,335008.0
2855,334801.7
2856,326966.9
2857,343977.6
2858,333086.0
2859,331914.3
2860,336612.8
2861,346665.9
2862,338945.7
2863,335973.2
2864,335456.6
2865,331902.3
2866,347949.4
2867,337587.7
2868,320465.5
2869,338504.6
2870,325274.2
2871,357340.6
2872,340633.9
2873,356192.8
2874,360841.6
2875,354332.6
2876,353683.6
2877,335683.9
2878,355987.5
2879,347034.9
2880,351503.2
2881,356194.5
2882,351822.5
2883,347354.5
2884,356989.0
2885,351093.4
2886,342591.3
2887,340026.2
2888,345300.0
2889,351609.9
2890,347462.2
2891,354012.0
2892,357108.7
2893,347756.7
2894,356684.6
2895,365672.8
2896,365209.5
2897,366882.9
2898,353469.9
2899,350333.4
2900,355465.9
2901,339142.9
2902,327453.8
2903,345328.9
2904,345025.8
2905,363901.6
2906,359246.3
2907,362691.0
2908,356577.1
2909,347892.1
2910,337376.5
2911,328484.2
2912,358845.4
2913,349985.5
2914,338092.5
2915,356330.3
2916,357872.6
2917,347565.4
2918,350982.5
2919,351286.2
2920,348511.7
2921,348902.0
2922,347269.6
2923,355615.6
2924,358658.6
2925,350290.1
2926,354681.3
2927,356596.9
2928,332743.3
2929,343096.8
2930,335112.6
2931,357921.2
2932,361992.8
2933,355354.4
2934,371529.4
2935,344440.9
2936,347916.2
2937,350579.7
2938,363995.6
2939,365081.3
2940,353857.4
2941,365271.5
2942,369838.2
2943,365568.4
2944,358041.5
2945,377892.8
2946,351884.5
2947,355731.2
2948,364498.7
2949,356819.4
2950,373875.0
2951,384050.7
2952,379070.7
2953,382429.9
2954,370568.6
2955,383393.8
2956,365593.0
2957,341702.3
2958,337048.1
2959,373039.3
2960,366181.2
2961,367707.8
2962,374202.2
2963,354503.0
2964,348630.5
2965,359941.3
2966,342599.7
2967,320936.3
2968,359286.5
2969,339480.3
2970,365599.9
2971,360076.4
2972,355437.5
2973,370974.0
2974,369351.4
2975,350117.8
2976,328595.1
2977,336463.5
2978,357030.9
2979,344811.9
2980,344065.1
2981,356495.5
2982,362064.4
2983,353120.1
2984,357089.5
2985,341069.5
2986,350301.8
2987,335043.3
2988,346445.2
2989,342223.1
2990,350497.0
2991,343512.6
2992,336556.5
2993,339833.4
2994,360167.3
2995,328242.8
2996,351948.4
2997,351516.6
2998,374352.0
2999,342897.6
3000,357347.6
