Number_Of_Vertices,Number_Of_Polygons_Before_Merging,Number_Of_Polygons_After_Merging
3,1.0,1.0
4,1.1,1.1
5,2.1,1.9
6,2.7,2.2
7,3.3,2.7
8,4.1,3.3
9,4.1,3.5
10,5.0,4.3
11,5.5,4.5
12,6.2,4.8
13,7.2,6.0
14,7.0,5.9
15,9.0,7.4
16,9.5,7.7
17,9.8,8.0
18,9.4,7.8
19,10.6,8.4
20,11.9,9.8
21,11.5,9.6
22,13.6,10.5
23,13.6,11.2
24,14.8,11.6
25,14.2,11.8
26,15.6,12.9
27,16.7,13.6
28,16.9,14.0
29,19.2,15.5
30,19.3,16.3
31,18.9,15.1
32,20.0,16.3
33,21.6,17.3
34,21.0,17.1
35,21.3,17.5
36,22.6,17.9
37,22.5,18.7
38,22.1,17.8
39,24.1,20.3
40,26.5,21.5
41,26.5,21.9
42,26.5,22.1
43,27.8,23.5
44,29.1,23.5
45,28.4,23.1
46,29.9,24.3
47,30.3,24.7
48,30.7,25.8
49,33.7,26.9
50,33.3,27.4
51,34.1,26.8
52,34.2,27.6
53,33.6,27.8
54,36.8,30.0
55,36.5,30.3
56,37.2,30.0
57,36.8,30.2
58,40.0,31.5
59,39.2,31.8
60,40.2,33.6
61,41.9,34.7
62,40.0,32.5
63,40.4,34.0
64,42.8,35.9
65,43.7,35.1
66,43.8,36.2
67,45.7,36.6
68,44.6,37.2
69,44.3,35.7
70,47.5,39.1
71,49.4,40.9
72,47.3,38.6
73,48.5,40.6
74,51.6,42.4
75,50.7,42.3
76,52.1,43.0
77,49.5,42.0
78,53.8,46.4
79,54.9,43.9
80,52.3,43.5
81,56.7,47.2
82,54.6,45.4
83,56.6,45.9
84,57.8,46.6
85,59.4,49.0
86,58.4,48.2
87,59.9,49.4
88,62.8,51.5
89,61.3,52.5
90,60.6,49.9
91,61.7,51.3
92,63.5,50.9
93,64.2,54.2
94,64.0,53.3
95,64.2,53.7
96,67.3,54.4
97,64.9,55.2
98,65.8,55.0
99,69.5,58.5
100,69.7,58.3
101,70.8,59.8
102,72.4,59.6
103,69.6,57.8
104,72.1,61.1
105,73.8,61.0
106,74.1,62.6
107,72.8,61.3
108,75.2,62.5
109,76.0,62.5
110,76.3,64.1
111,75.0,62.9
112,77.7,65.5
113,79.2,65.4
114,79.5,66.9
115,80.2,66.8
116,80.6,67.2
117,80.8,70.3
118,84.0,70.1
119,81.2,67.5
120,83.9,71.7
121,84.1,68.8
122,83.4,68.6
123,84.6,70.8
124,85.0,72.4
125,85.8,73.4
126,86.7,73.4
127,87.8,74.8
128,86.7,73.3
129,89.5,74.9
130,91.0,76.3
131,92.7,78.0
132,92.9,78.3
133,90.4,76.4
134,95.8,79.8
135,93.7,78.5
136,94.5,78.6
137,97.6,80.1
138,98.4,82.4
139,97.8,82.4
140,96.1,79.7
141,100.1,83.6
142,98.4,84.2
143,101.5,86.2
144,100.4,83.9
145,105.2,89.3
146,102.5,86.5
147,102.6,85.2
148,104.8,88.4
149,103.9,85.7
150,103.9,88.3
151,105.9,89.6
152,106.7,89.8
153,105.0,89.2
154,107.9,91.3
155,110.6,92.8
156,108.7,89.9
157,110.9,92.5
158,110.9,93.7
159,114.2,95.8
160,112.7,95.9
161,113.9,96.3
162,113.5,96.3
163,113.1,95.4
164,114.9,98.5
165,116.2,97.8
166,115.8,97.9
167,115.6,98.8
168,115.0,98.5
169,119.1,100.1
170,117.4,98.9
171,119.6,102.1
172,120.9,102.8
173,118.9,100.9
174,119.1,101.6
175,124.4,104.1
176,122.6,105.0
177,125.1,106.2
178,126.1,106.8
179,127.9,106.6
180,126.4,109.2
181,129.0,108.4
182,129.6,110.6
183,128.6,110.0
184,129.2,110.0
185,128.3,108.0
186,130.3,110.3
187,133.1,114.0
188,133.4,112.1
189,130.5,111.2
190,132.9,110.7
191,134.6,114.7
192,136.2,114.7
193,132.9,113.5
194,138.0,116.3
195,137.8,117.4
196,136.4,116.3
197,141.0,119.0
198,141.7,119.7
199,139.8,119.9
200,141.9,119.2
201,143.2,121.1
202,143.5,120.2
203,145.2,122.3
204,147.2,124.5
205,146.1,124.5
206,144.8,121.1
207,143.4,121.1
208,147.1,125.8
209,148.9,125.4
210,151.1,127.0
211,148.9,124.2
212,149.8,127.8
213,148.1,123.3
214,151.7,130.3
215,150.1,127.3
216,153.8,130.3
217,152.4,127.7
218,156.6,130.9
219,155.5,134.5
220,155.8,130.2
221,156.9,131.5
222,159.7,134.1
223,158.2,134.8
224,157.2,131.4
225,158.9,137.8
226,159.2,135.5
227,161.8,136.8
228,161.5,137.3
229,163.0,139.3
230,164.3,137.8
231,165.3,140.0
232,162.0,136.6
233,167.6,141.2
234,164.9,143.0
235,166.8,141.4
236,167.5,143.2
237,169.0,145.0
238,168.2,142.2
239,166.7,139.6
240,174.3,146.7
241,171.3,145.2
242,173.0,148.0
243,171.7,147.5
244,172.9,146.8
245,172.0,146.6
246,173.9,147.0
247,175.8,149.5
248,177.7,151.0
249,177.1,150.7
250,174.7,148.4
251,175.3,150.6
252,178.7,151.6
253,180.9,151.0
254,179.2,153.1
255,182.6,154.7
256,182.3,155.2
257,183.7,156.2
258,186.9,159.1
259,182.6,155.8
260,183.5,158.5
261,185.0,157.7
262,183.6,157.6
263,185.2,157.8
264,190.8,159.1
265,187.5,158.9
266,191.6,164.1
267,186.5,160.9
268,188.7,160.3
269,192.7,166.0
270,191.7,163.3
271,196.1,166.7
272,194.1,166.6
273,197.3,169.0
274,189.3,163.4
275,194.3,165.2
276,198.4,168.7
277,192.5,165.7
278,198.5,168.4
279,194.9,166.8
280,196.9,167.0
281,200.0,172.0
282,201.6,173.6
283,201.8,171.7
284,200.7,170.6
285,200.8,170.0
286,203.7,174.8
287,204.3,175.7
288,204.5,173.3
289,205.5,174.0
290,205.5,175.5
291,207.4,178.3
292,204.5,176.5
293,209.9,177.2
294,207.1,176.7
295,212.1,180.2
296,206.5,177.6
297,211.7,182.0
298,210.9,179.0
299,215.2,182.9
300,211.3,181.6
301,216.6,182.1
302,215.3,184.2
303,215.7,183.0
304,216.7,184.8
305,215.9,185.4
306,216.6,185.0
307,219.2,187.0
308,220.9,185.4
309,220.2,188.2
310,223.2,188.5
311,220.3,188.5
312,224.6,191.8
313,224.9,190.7
314,220.9,190.5
315,226.6,194.2
316,227.3,193.1
317,231.0,197.1
318,228.3,192.4
319,231.6,195.1
320,227.0,195.9
321,228.9,197.4
322,232.0,197.4
323,228.5,194.5
324,235.7,200.2
325,232.8,198.4
326,233.8,200.1
327,233.8,199.3
328,233.8,201.7
329,236.3,202.7
330,232.9,198.9
331,237.8,204.5
332,233.4,201.1
333,236.9,201.9
334,242.4,206.6
335,241.7,208.0
336,239.5,205.7
337,237.3,202.9
338,242.7,207.7
339,240.4,204.7
340,242.5,208.0
341,244.7,210.4
342,245.2,207.4
343,243.0,206.9
344,248.9,212.5
345,247.0,211.3
346,247.0,208.0
347,253.8,215.3
348,246.8,211.2
349,251.6,212.4
350,253.6,216.8
351,249.5,211.7
352,253.0,216.4
353,255.1,217.8
354,251.8,214.8
355,259.8,219.2
356,257.4,222.0
357,253.6,217.9
358,259.9,220.2
359,259.0,221.2
360,260.0,219.0
361,259.3,219.5
362,258.0,223.8
363,258.8,221.8
364,258.7,219.3
365,259.4,224.1
366,261.1,222.3
367,257.2,220.2
368,261.5,219.8
369,263.0,225.8
370,268.9,228.6
371,268.3,228.4
372,267.1,229.9
373,266.0,227.3
374,269.0,230.6
375,271.3,230.6
376,266.6,229.6
377,270.8,230.4
378,275.2,234.1
379,271.3,231.1
380,268.2,230.3
381,275.3,234.6
382,278.2,235.0
383,271.4,230.6
384,277.2,236.1
385,276.4,236.5
386,274.9,233.4
387,278.5,236.5
388,278.1,239.8
389,279.9,238.9
390,280.3,243.0
391,278.4,237.6
392,279.1,238.2
393,283.3,241.0
394,282.3,239.8
395,284.4,242.9
396,281.5,243.2
397,284.5,246.3
398,286.4,244.5
399,284.3,242.5
400,287.3,244.7
401,290.4,250.1
402,288.9,245.9
403,289.5,249.0
404,292.0,250.3
405,291.0,250.7
406,291.5,248.8
407,291.6,246.9
408,290.3,249.0
409,293.6,251.4
410,294.0,252.7
411,293.6,250.2
412,298.2,254.6
413,296.4,253.3
414,301.1,258.2
415,295.6,252.8
416,298.3,255.5
417,296.3,254.1
418,298.3,257.0
419,299.0,255.4
420,303.1,256.2
421,304.0,258.0
422,301.7,257.5
423,300.7,259.9
424,299.2,256.7
425,306.5,261.7
426,307.9,265.2
427,308.2,263.5
428,304.0,261.6
429,310.9,263.4
430,309.5,264.0
431,309.5,264.1
432,310.1,267.3
433,311.7,265.7
434,307.7,265.2
435,310.6,263.3
436,307.4,264.2
437,312.0,267.0
438,315.3,270.4
439,315.7,271.7
440,315.6,272.0
441,315.6,268.3
442,315.0,268.2
443,317.0,272.0
444,318.7,270.6
445,320.1,273.9
446,319.0,271.1
447,318.1,272.6
448,320.0,273.3
449,320.3,274.0
450,320.8,274.1
451,323.5,277.8
452,324.6,281.0
453,323.0,276.3
454,320.5,273.2
455,321.7,276.7
456,327.8,282.0
457,329.6,282.7
458,330.4,281.0
459,333.6,284.3
460,331.7,281.1
461,329.9,285.4
462,333.3,287.2
463,333.9,288.8
464,338.1,287.3
465,334.2,284.9
466,330.9,282.4
467,331.5,284.6
468,336.5,288.6
469,336.5,287.2
470,338.3,291.8
471,341.8,293.6
472,333.9,288.2
473,337.8,288.2
474,343.4,293.4
475,343.0,292.6
476,344.4,293.6
477,341.3,290.7
478,344.9,293.5
479,347.0,295.8
480,342.3,295.8
481,345.1,295.8
482,343.9,297.2
483,348.1,300.9
484,347.9,298.3
485,349.5,300.8
486,356.2,306.4
487,347.7,300.8
488,351.2,302.3
489,353.0,302.9
490,348.7,302.5
491,354.8,303.2
492,349.2,300.4
493,356.8,303.6
494,352.8,302.5
495,353.8,304.3
496,355.8,302.3
497,362.2,307.9
498,359.4,305.7
499,357.5,308.2
500,358.7,303.9
501,353.6,303.9
502,359.9,309.2
503,363.7,309.0
504,364.0,310.9
505,362.5,311.4
506,365.0,311.5
507,358.8,309.1
508,363.4,312.1
509,360.4,309.9
510,367.1,315.0
511,367.5,315.4
512,367.1,317.6
513,370.9,316.9
514,371.9,320.8
515,367.6,311.9
516,365.5,314.4
517,371.1,316.5
518,373.8,320.2
519,369.6,317.4
520,369.8,316.1
521,369.1,318.2
522,373.0,319.6
523,371.3,317.7
524,377.5,320.4
525,375.6,320.7
526,379.1,323.8
527,375.5,319.6
528,373.5,321.4
529,381.0,324.5
530,382.4,325.4
531,378.1,325.7
532,381.7,328.6
533,381.0,324.7
534,384.3,330.0
535,382.0,326.1
536,385.0,330.2
537,385.9,329.3
538,385.7,330.6
539,379.9,326.9
540,385.8,332.1
541,389.1,330.5
542,385.9,330.4
543,388.5,335.2
544,388.6,333.8
545,393.3,338.8
546,392.3,335.8
547,385.6,334.7
548,395.2,339.7
549,396.1,338.9
550,396.6,338.4
551,396.8,340.6
552,395.0,339.4
553,396.9,339.4
554,398.3,341.8
555,399.5,341.1
556,398.1,344.8
557,401.3,342.9
558,400.5,344.7
559,402.0,347.9
560,402.4,343.4
561,398.6,341.3
562,403.1,344.4
563,401.5,347.0
564,401.8,345.4
565,407.6,352.0
566,410.2,350.3
567,407.1,352.4
568,405.4,344.6
569,401.8,347.6
570,408.5,349.1
571,409.2,348.3
572,409.8,351.2
573,412.6,353.4
574,411.4,355.0
575,413.7,355.2
576,416.4,360.0
577,414.0,352.3
578,411.9,355.2
579,414.7,354.6
580,413.9,359.0
581,414.1,355.5
582,415.5,360.5
583,420.0,357.2
584,414.8,358.5
585,418.6,359.5
586,419.7,359.0
587,422.0,362.9
588,426.9,368.8
589,420.3,358.5
590,422.3,362.6
591,422.4,363.1
592,420.6,363.2
593,424.3,364.5
594,428.5,364.4
595,425.7,365.2
596,425.6,366.0
597,429.7,367.1
598,427.8,367.1
599,430.5,370.4
600,428.6,369.4
601,432.0,367.8
602,424.7,364.7
603,435.7,370.7
604,432.0,367.6
605,430.5,372.8
606,426.0,365.5
607,438.3,374.9
608,428.7,368.9
609,436.3,373.2
610,438.6,377.5
611,438.5,376.7
612,435.2,377.7
613,436.8,376.8
614,442.2,380.6
615,440.2,375.4
616,441.2,377.3
617,441.9,377.9
618,445.7,384.6
619,441.5,377.3
620,440.3,379.0
621,445.8,382.7
622,442.9,385.4
623,449.1,383.3
624,446.3,385.9
625,441.6,380.5
626,451.6,384.8
627,453.2,387.2
628,452.9,386.3
629,450.5,386.8
630,451.4,389.2
631,452.1,387.8
632,448.6,384.3
633,455.8,392.9
634,456.3,391.5
635,453.6,393.1
636,456.2,394.9
637,459.7,396.5
638,458.4,392.4
639,456.3,392.0
640,459.8,393.5
641,463.3,398.7
642,461.7,396.2
643,456.9,393.2
644,463.4,397.0
645,461.6,394.0
646,461.8,397.5
647,465.6,400.2
648,467.2,401.0
649,468.3,401.2
650,462.9,398.3
651,468.2,401.9
652,465.8,398.8
653,465.2,400.0
654,468.2,403.3
655,468.8,405.1
656,470.3,403.3
657,472.3,406.6
658,467.2,399.0
659,472.9,408.5
660,469.8,404.5
661,471.9,408.3
662,472.6,408.4
663,477.5,410.2
664,476.5,407.7
665,474.7,407.2
666,475.5,410.9
667,480.1,409.8
668,474.7,408.6
669,478.0,410.7
670,478.0,410.0
671,480.8,413.8
672,479.6,409.8
673,479.4,411.6
674,487.2,415.9
675,482.1,413.1
676,483.0,413.2
677,477.4,412.0
678,482.4,416.2
679,483.9,416.0
680,489.2,417.8
681,495.5,423.6
682,486.5,418.8
683,486.4,417.1
684,483.6,414.1
685,486.6,415.9
686,490.3,419.7
687,488.4,417.1
688,489.1,420.8
689,491.1,421.8
690,495.5,428.0
691,494.3,427.0
692,495.9,427.9
693,490.8,422.8
694,493.4,424.2
695,497.9,427.6
696,497.7,427.7
697,494.0,427.3
698,497.4,428.2
699,500.3,431.4
700,498.5,425.9
701,503.6,431.3
702,501.3,429.7
703,503.9,432.2
704,505.9,435.1
705,505.0,432.3
706,506.0,435.6
707,509.8,436.9
708,511.3,437.7
709,509.1,435.6
710,504.9,432.0
711,502.2,435.2
712,510.0,437.1
713,511.8,439.3
714,508.8,438.4
715,513.5,440.1
716,510.4,437.1
717,515.1,445.2
718,517.2,437.9
719,517.4,443.4
720,521.7,444.9
721,516.9,439.9
722,513.2,443.3
723,517.8,442.4
724,515.1,441.8
725,517.5,442.8
726,516.8,445.6
727,521.7,451.3
728,522.3,448.4
729,522.3,447.0
730,526.8,451.9
731,524.0,447.9
732,522.2,447.7
733,519.6,446.7
734,523.8,449.2
735,528.5,450.4
736,532.2,456.5
737,521.4,447.7
738,527.8,451.9
739,524.5,451.2
740,526.8,455.2
741,535.2,459.4
742,525.2,452.2
743,526.6,453.2
744,530.8,455.2
745,528.2,455.5
746,533.0,455.7
747,532.8,461.5
748,530.8,455.2
749,537.7,463.2
750,529.4,456.7
751,534.9,460.7
752,536.3,460.9
753,536.8,460.0
754,533.8,455.9
755,535.0,459.3
756,540.9,467.4
757,548.7,469.9
758,544.9,467.3
759,548.1,472.8
760,539.2,464.5
761,549.3,468.6
762,542.6,468.8
763,546.9,472.8
764,546.2,470.9
765,541.4,464.4
766,546.2,468.6
767,545.8,473.2
768,551.1,472.9
769,555.5,477.8
770,547.4,469.8
771,548.3,470.7
772,555.5,473.6
773,554.8,475.8
774,554.3,478.6
775,550.7,476.6
776,552.4,474.3
777,555.3,478.7
778,554.2,481.0
779,557.8,479.8
780,549.3,474.1
781,559.4,481.5
782,558.8,483.1
783,552.3,474.2
784,559.3,482.1
785,561.9,480.7
786,559.5,479.9
787,568.5,486.6
788,568.2,488.0
789,562.2,482.9
790,566.8,486.4
791,562.2,484.1
792,570.7,489.9
793,566.7,488.8
794,566.9,486.8
795,565.9,487.5
796,566.3,488.3
797,565.2,487.2
798,565.8,486.4
799,567.6,487.8
800,567.0,486.9
801,572.9,492.9
802,574.2,494.1
803,573.4,493.6
804,577.2,496.1
805,569.1,488.5
806,578.8,495.8
807,573.0,493.9
808,578.5,495.2
809,572.9,491.6
810,581.2,499.4
811,576.8,497.5
812,582.8,503.1
813,582.4,504.9
814,580.0,497.4
815,578.8,498.0
816,582.6,499.3
817,583.1,504.8
818,584.8,507.1
819,583.0,499.5
820,580.0,497.5
821,585.2,504.1
822,586.1,503.0
823,590.6,508.3
824,589.7,508.7
825,588.1,503.8
826,580.3,502.3
827,592.3,509.2
828,586.5,505.3
829,591.4,508.1
830,587.3,508.2
831,593.8,511.6
832,589.5,506.2
833,596.4,512.7
834,591.5,508.4
835,593.6,510.6
836,595.4,510.8
837,589.6,511.3
838,599.6,512.3
839,601.4,518.8
840,592.7,510.1
841,596.8,512.9
842,597.0,517.3
843,597.9,518.4
844,600.9,519.4
845,599.2,515.7
846,598.7,513.5
847,606.6,521.6
848,602.6,516.5
849,603.1,522.7
850,601.8,520.9
851,603.2,519.0
852,601.7,519.9
853,609.2,528.0
854,611.5,525.8
855,609.0,523.2
856,612.6,525.6
857,606.3,523.1
858,611.9,524.8
859,615.3,529.7
860,615.4,526.0
861,613.1,528.3
862,612.6,524.1
863,611.1,522.8
864,614.2,530.4
865,618.4,535.4
866,618.6,533.8
867,612.7,526.0
868,626.2,534.4
869,616.4,531.2
870,614.8,527.5
871,620.1,534.5
872,619.4,532.5
873,621.1,535.3
874,623.7,534.5
875,617.5,532.1
876,626.8,540.9
877,627.1,541.1
878,619.7,535.6
879,627.9,535.9
880,624.8,539.7
881,627.2,541.2
882,620.5,531.3
883,626.2,537.9
884,627.0,537.0
885,632.0,545.4
886,630.4,542.7
887,626.1,541.2
888,635.6,547.1
889,635.2,551.2
890,633.5,547.2
891,625.9,538.5
892,636.5,545.5
893,633.7,540.7
894,633.1,546.9
895,636.1,545.9
896,635.0,546.7
897,640.2,546.6
898,642.0,548.8
899,644.3,550.6
900,641.1,551.9
901,638.9,555.8
902,645.7,553.9
903,642.6,554.1
904,644.2,551.7
905,641.0,552.0
906,641.4,552.9
907,643.0,554.1
908,639.2,554.2
909,647.2,557.5
910,646.7,556.9
911,651.5,561.8
912,646.8,557.9
913,645.0,555.3
914,655.1,562.7
915,653.1,565.0
916,655.1,561.1
917,646.2,558.6
918,654.2,558.8
919,650.8,564.1
920,655.5,564.5
921,652.8,561.1
922,659.6,567.8
923,652.6,559.3
924,655.0,565.1
925,659.6,568.8
926,649.4,561.3
927,661.2,567.4
928,661.5,569.7
929,659.5,560.0
930,660.9,572.4
931,656.3,565.7
932,662.4,569.4
933,654.2,564.1
934,664.8,571.2
935,662.3,570.6
936,659.7,563.9
937,664.0,574.4
938,671.9,575.5
939,672.7,579.0
940,668.4,576.9
941,664.8,572.6
942,670.9,574.6
943,668.6,573.6
944,675.8,581.5
945,674.9,581.5
946,668.6,581.0
947,665.3,574.7
948,676.5,582.2
949,677.5,583.1
950,671.6,580.3
951,673.6,580.7
952,672.0,578.8
953,673.4,582.0
954,674.9,582.3
955,683.2,586.8
956,676.0,587.2
957,675.7,585.9
958,674.6,581.9
959,677.3,586.0
960,681.1,587.2
961,682.9,590.0
962,683.7,584.6
963,680.2,585.7
964,681.1,586.0
965,680.8,588.9
966,685.2,596.2
967,687.1,590.2
968,686.5,589.6
969,688.3,597.4
970,678.5,582.9
971,686.4,593.1
972,693.9,595.7
973,687.2,592.9
974,694.7,600.2
975,689.3,592.4
976,685.6,594.0
977,686.5,593.6
978,688.3,593.8
979,692.8,599.0
980,690.0,592.7
981,696.8,597.2
982,690.3,593.7
983,695.8,599.2
984,701.9,603.8
985,695.4,601.0
986,686.8,598.7
987,697.4,603.0
988,699.1,602.9
989,701.0,599.9
990,702.7,606.2
991,696.9,600.0
992,699.0,603.3
993,698.4,597.7
994,695.4,602.1
995,698.6,603.4
996,701.0,599.8
997,705.6,608.8
998,709.1,607.4
999,707.0,609.2
1000,711.9,612.5
1001,703.3,606.3
1002,703.8,608.8
1003,705.1,606.8
1004,704.8,605.2
1005,709.6,608.8
1006,715.7,617.5
1007,709.0,613.0
1008,716.8,618.4
1009,717.4,617.9
1010,714.1,614.3
1011,717.0,618.3
1012,712.2,613.1
1013,717.5,619.7
1014,721.0,619.1
1015,717.4,618.6
1016,721.4,615.6
1017,718.5,615.9
1018,724.1,622.6
1019,720.2,619.6
1020,719.7,623.9
1021,727.6,625.3
1022,725.9,626.5
1023,724.5,625.2
1024,724.7,623.9
1025,726.5,627.6
1026,724.0,621.7
1027,728.4,625.8
1028,719.8,620.5
1029,720.5,621.3
1030,723.1,622.8
1031,724.4,625.6
1032,735.1,632.2
1033,726.0,627.9
1034,734.3,631.3
1035,728.8,630.4
1036,727.7,624.2
1037,731.1,625.8
1038,731.3,634.0
1039,738.7,632.2
1040,732.0,626.7
1041,733.5,629.1
1042,736.3,632.4
1043,740.0,638.0
1044,741.7,641.1
1045,737.6,635.4
1046,743.1,640.6
1047,738.5,639.2
1048,743.0,639.1
1049,741.2,641.1
1050,740.8,636.8
1051,738.7,639.1
1052,744.8,640.9
1053,747.8,643.1
1054,740.0,639.6
1055,743.4,639.3
1056,741.9,643.7
1057,743.9,643.7
1058,744.9,636.6
1059,743.7,641.0
1060,754.3,647.6
1061,745.3,644.5
1062,751.1,643.9
1063,745.3,643.8
1064,747.6,643.8
1065,759.9,649.1
1066,751.3,643.8
1067,754.7,648.8
1068,756.7,650.6
1069,751.9,653.7
1070,754.1,650.2
1071,751.8,651.5
1072,759.5,659.6
1073,761.5,654.8
1074,757.7,655.2
1075,763.7,656.8
1076,755.8,651.0
1077,758.8,655.2
1078,765.2,655.5
1079,763.5,655.8
1080,760.5,654.6
1081,759.4,658.0
1082,756.8,653.7
1083,767.0,656.9
1084,762.6,658.9
1085,768.7,663.2
1086,773.1,667.1
1087,764.8,657.6
1088,765.9,660.2
1089,767.6,658.2
1090,771.8,664.4
1091,771.4,662.4
1092,769.5,662.2
1093,764.6,662.8
1094,773.7,666.5
1095,776.7,671.0
1096,778.7,670.4
1097,764.6,659.8
1098,773.6,664.9
1099,772.6,668.4
1100,778.4,673.1
1101,773.4,664.8
1102,777.2,666.8
1103,784.1,676.0
1104,773.1,667.4
1105,769.4,664.9
1106,782.3,675.4
1107,782.2,679.8
1108,782.4,679.0
1109,767.7,665.1
1110,776.1,671.5
1111,793.0,680.8
1112,782.4,670.4
1113,783.0,673.6
1114,788.0,677.7
1115,778.6,673.4
1116,782.1,672.9
1117,787.3,679.4
1118,791.2,680.2
1119,790.7,682.3
1120,790.4,679.5
1121,788.5,682.3
1122,787.2,679.7
1123,790.4,682.0
1124,790.0,677.4
1125,798.3,678.7
1126,795.1,687.8
1127,795.5,680.0
1128,787.5,680.5
1129,783.3,682.6
1130,803.3,687.6
1131,788.9,687.2
1132,794.3,680.9
1133,791.3,679.3
1134,794.2,683.1
1135,797.9,688.2
1136,797.3,688.2
1137,799.1,689.3
1138,794.9,683.6
1139,802.2,693.6
1140,808.9,696.3
1141,803.2,692.7
1142,799.2,689.4
1143,811.2,696.7
1144,798.6,687.6
1145,800.2,688.4
1146,806.0,695.8
1147,802.9,695.6
1148,808.2,697.2
1149,802.6,694.3
1150,805.5,693.4
1151,810.2,696.3
1152,814.4,701.4
1153,807.5,698.2
1154,812.0,701.8
1155,820.5,707.4
1156,820.6,706.1
1157,805.5,696.2
1158,819.6,704.7
1159,821.1,708.9
1160,816.0,702.7
1161,807.8,695.5
1162,815.8,702.3
1163,815.6,701.5
1164,820.4,706.4
1165,817.7,703.4
1166,821.2,707.0
1167,821.7,707.7
1168,824.5,711.0
1169,820.8,708.6
1170,820.7,711.1
1171,813.9,697.7
1172,827.3,716.0
1173,826.2,709.2
1174,824.4,711.6
1175,826.6,714.1
1176,825.8,710.7
1177,829.1,717.9
1178,828.3,715.3
1179,825.0,713.4
1180,830.1,713.5
1181,830.6,716.5
1182,832.4,712.7
1183,827.8,715.0
1184,816.9,710.2
1185,835.0,717.8
1186,838.6,723.2
1187,837.8,714.7
1188,835.3,715.3
1189,831.2,715.6
1190,840.3,724.9
1191,841.1,725.5
1192,838.9,721.3
1193,835.0,717.6
1194,843.1,726.6
1195,836.8,726.8
1196,836.2,720.8
1197,834.8,719.5
1198,837.5,722.9
1199,837.6,721.7
1200,832.9,718.4
1201,834.3,722.4
1202,840.7,725.2
1203,840.2,724.3
1204,845.5,730.7
1205,851.3,733.6
1206,849.5,731.7
1207,850.0,735.2
1208,853.4,736.7
1209,844.8,728.8
1210,848.0,732.1
1211,840.6,727.0
1212,847.6,729.8
1213,853.3,734.0
1214,849.1,732.1
1215,851.0,731.4
1216,854.4,733.4
1217,853.1,733.2
1218,860.6,742.5
1219,852.5,733.6
1220,857.9,741.0
1221,847.0,732.2
1222,849.5,737.0
1223,854.9,738.0
1224,855.3,738.9
1225,857.6,741.5
1226,861.4,744.7
1227,857.0,736.5
1228,863.9,743.7
1229,858.3,736.8
1230,864.1,745.7
1231,864.3,742.1
1232,857.2,739.2
1233,860.7,742.4
1234,866.6,745.1
1235,866.4,752.3
1236,870.1,748.4
1237,865.3,745.9
1238,862.7,745.8
1239,865.7,746.9
1240,863.1,747.2
1241,866.2,746.5
1242,870.9,748.7
1243,868.5,749.7
1244,868.1,754.3
1245,863.1,747.4
1246,877.5,754.5
1247,875.2,751.7
1248,879.7,755.5
1249,870.8,754.6
1250,876.4,757.6
1251,877.6,755.8
1252,879.6,755.9
1253,871.7,753.3
1254,869.7,751.8
1255,874.1,762.1
1256,877.5,759.8
1257,873.6,754.0
1258,877.4,754.4
1259,883.5,760.3
1260,882.3,758.2
1261,880.6,764.2
1262,884.8,761.4
1263,873.4,749.2
1264,882.2,761.8
1265,882.6,763.1
1266,874.2,755.1
1267,888.8,767.3
1268,893.3,770.0
1269,883.9,765.2
1270,899.0,776.7
1271,893.3,767.5
1272,884.2,761.0
1273,880.6,760.3
1274,882.5,761.2
1275,890.0,768.0
1276,892.5,768.8
1277,891.6,774.5
1278,891.7,768.9
1279,902.5,775.5
1280,890.0,767.5
1281,894.8,767.6
1282,896.1,777.2
1283,880.4,761.7
1284,890.8,766.1
1285,895.5,767.9
1286,897.9,774.9
1287,906.8,780.9
1288,904.3,776.9
1289,897.8,776.8
1290,892.5,775.1
1291,889.1,769.1
1292,902.4,779.8
1293,897.4,771.5
1294,908.8,779.2
1295,901.3,772.7
1296,898.0,779.3
1297,897.6,778.8
1298,912.4,788.4
1299,907.6,781.5
1300,912.1,785.9
1301,901.1,775.7
1302,908.0,780.6
1303,907.4,780.4
1304,912.4,788.0
1305,908.8,782.3
1306,916.8,792.6
1307,915.8,788.2
1308,919.3,791.9
1309,904.1,781.2
1310,903.9,785.0
1311,917.3,791.0
1312,909.2,782.6
1313,910.1,786.5
1314,910.2,784.5
1315,917.6,791.9
1316,919.5,789.1
1317,915.1,786.1
1318,920.3,797.6
1319,911.6,785.8
1320,920.4,790.6
1321,916.4,794.5
1322,924.3,792.8
1323,916.6,794.0
1324,911.6,782.6
1325,925.7,796.2
1326,920.9,795.0
1327,928.1,802.1
1328,924.9,794.1
1329,920.6,797.4
1330,926.7,800.7
1331,922.6,791.5
1332,925.9,800.2
1333,931.5,804.5
1334,930.9,805.8
1335,925.2,797.5
1336,932.3,802.8
1337,924.3,797.0
1338,931.5,798.7
1339,936.7,806.1
1340,941.6,807.6
1341,937.7,808.6
1342,933.2,808.6
1343,933.4,805.2
1344,932.7,811.3
1345,932.6,804.5
1346,936.9,811.9
1347,930.8,805.6
1348,938.2,809.6
1349,943.3,812.9
1350,945.1,813.6
1351,935.6,813.4
1352,940.3,812.8
1353,942.6,815.9
1354,930.2,803.2
1355,944.4,809.2
1356,937.4,811.2
1357,936.5,812.5
1358,936.6,806.5
1359,934.5,805.5
1360,945.2,816.6
1361,950.3,816.8
1362,953.4,823.5
1363,947.5,817.9
1364,949.8,819.3
1365,958.1,821.5
1366,952.9,823.8
1367,948.8,822.6
1368,949.8,823.7
1369,951.7,819.4
1370,939.2,807.9
1371,948.8,815.5
1372,959.8,826.7
1373,942.5,816.8
1374,957.4,826.8
1375,959.0,822.6
1376,940.3,812.4
1377,951.9,821.3
1378,946.8,819.5
1379,955.9,828.9
1380,962.5,830.0
1381,953.6,818.6
1382,953.7,822.1
1383,950.1,823.4
1384,965.8,832.2
1385,958.1,827.8
1386,954.7,824.7
1387,953.6,822.6
1388,944.6,821.5
1389,967.8,834.6
1390,962.7,831.6
1391,961.5,830.5
1392,968.5,837.6
1393,956.0,829.3
1394,964.7,829.4
1395,973.5,836.8
1396,961.0,835.1
1397,967.4,836.2
1398,969.5,837.6
1399,963.8,830.4
1400,975.3,839.6
1401,963.2,833.9
1402,971.9,841.6
1403,973.6,840.9
1404,975.1,840.5
1405,972.3,841.7
1406,966.7,836.8
1407,973.5,844.3
1408,980.7,844.2
1409,986.8,846.8
1410,976.8,841.1
1411,976.0,842.7
1412,974.4,839.6
1413,982.6,839.9
1414,982.0,848.6
1415,989.7,851.8
1416,971.9,841.3
1417,981.4,844.0
1418,971.2,835.7
1419,979.6,849.4
1420,990.3,852.9
1421,984.4,854.6
1422,975.8,840.4
1423,984.4,847.3
1424,990.9,858.0
1425,988.2,852.9
1426,990.5,856.8
1427,988.8,857.3
1428,990.3,852.6
1429,981.7,848.5
1430,992.9,855.5
1431,988.7,855.3
1432,990.0,853.8
1433,985.0,847.8
1434,985.3,857.0
1435,991.2,853.6
1436,997.1,863.7
1437,992.8,853.2
1438,995.4,859.3
1439,1004.7,869.7
1440,1003.6,864.9
1441,1008.8,869.1
1442,995.6,861.7
1443,1005.2,868.6
1444,983.9,849.3
1445,1000.3,866.0
1446,990.3,858.5
1447,1003.6,867.3
1448,995.1,860.8
1449,1005.2,864.3
1450,985.3,847.8
1451,998.6,867.5
1452,998.2,860.3
1453,1015.4,875.3
1454,1001.2,861.0
1455,1002.0,869.3
1456,1003.9,868.1
1457,1005.7,869.2
1458,1011.9,873.2
1459,1012.0,877.9
1460,995.4,861.6
1461,1001.9,869.8
1462,1003.6,871.6
1463,1016.9,874.0
1464,994.1,861.4
1465,1009.6,872.0
1466,1013.3,873.0
1467,1008.4,871.3
1468,1000.2,865.1
1469,1008.1,869.8
1470,1014.0,877.5
1471,1019.8,885.3
1472,1008.1,866.6
1473,1020.9,880.3
1474,1012.8,876.2
1475,1015.6,877.2
1476,1005.7,866.8
1477,1019.4,884.2
1478,1012.9,872.6
1479,1023.7,882.1
1480,1029.1,886.3
1481,1019.4,879.6
1482,1019.4,879.8
1483,1010.5,879.0
1484,1015.4,876.9
1485,1019.1,885.0
1486,1010.3,875.6
1487,1016.5,880.7
1488,1019.6,879.8
1489,1017.8,881.3
1490,1038.2,897.1
1491,1025.0,888.1
1492,1026.6,885.2
1493,1035.6,892.1
1494,1033.7,892.1
1495,1037.5,892.7
1496,1021.3,886.1
1497,1033.2,895.0
1498,1040.9,898.2
1499,1020.7,885.4
1500,1020.2,881.6
1501,1039.3,898.4
1502,1035.2,892.5
1503,1024.1,882.5
1504,1039.4,898.7
1505,1023.5,885.1
1506,1029.7,892.9
1507,1039.3,898.4
1508,1037.8,888.0
1509,1039.3,896.8
1510,1039.5,901.7
1511,1042.8,900.2
1512,1041.5,897.8
1513,1027.3,885.3
1514,1046.2,905.0
1515,1054.2,908.5
1516,1030.5,887.2
1517,1031.3,891.5
1518,1032.6,889.9
1519,1039.1,892.5
1520,1047.9,906.5
1521,1038.4,895.1
1522,1048.1,909.1
1523,1049.8,907.7
1524,1044.6,904.5
1525,1037.9,902.4
1526,1043.0,907.7
1527,1039.5,904.6
1528,1055.1,909.8
1529,1034.6,900.9
1530,1054.7,911.1
1531,1052.9,909.8
1532,1058.8,916.0
1533,1058.5,909.7
1534,1056.7,912.2
1535,1049.1,906.1
1536,1045.6,902.0
1537,1064.9,917.6
1538,1063.2,921.8
1539,1055.4,917.9
1540,1067.5,923.7
1541,1048.7,910.3
1542,1050.5,905.2
1543,1050.0,907.6
1544,1048.4,906.7
1545,1054.5,910.2
1546,1079.1,929.3
1547,1065.2,917.2
1548,1064.8,918.5
1549,1078.0,930.8
1550,1060.3,913.3
1551,1061.9,912.4
1552,1049.1,906.2
1553,1060.1,918.5
1554,1069.8,924.5
1555,1061.2,913.6
1556,1065.5,915.4
1557,1058.4,919.5
1558,1064.1,922.1
1559,1068.2,925.8
1560,1063.9,919.5
1561,1075.8,932.6
1562,1065.9,926.9
1563,1066.3,921.3
1564,1059.8,918.1
1565,1070.7,923.9
1566,1064.3,914.1
1567,1074.9,931.0
1568,1072.2,925.4
1569,1081.7,933.3
1570,1069.4,922.9
1571,1074.1,922.8
1572,1078.6,932.8
1573,1073.5,921.5
1574,1069.3,921.1
1575,1077.1,931.7
1576,1088.6,940.0
1577,1073.6,931.2
1578,1069.1,925.3
1579,1075.4,928.5
1580,1067.6,924.8
1581,1077.0,929.7
1582,1074.5,929.6
1583,1081.2,938.2
1584,1085.7,934.1
1585,1095.1,947.5
1586,1090.3,940.4
1587,1085.1,939.8
1588,1068.7,923.4
1589,1090.6,938.8
1590,1099.5,949.7
1591,1089.2,941.0
1592,1095.4,942.3
1593,1070.1,926.7
1594,1090.2,946.6
1595,1096.6,942.9
1596,1090.6,946.7
1597,1081.2,934.4
1598,1086.2,940.3
1599,1098.6,948.3
1600,1083.9,942.1
1601,1081.8,936.9
1602,1094.6,946.4
1603,1107.0,959.8
1604,1097.1,943.8
1605,1094.1,941.5
1606,1094.4,947.0
1607,1093.8,943.8
1608,1106.1,955.2
1609,1102.4,956.0
1610,1078.6,933.8
1611,1102.5,948.4
1612,1111.7,956.5
1613,1109.5,956.8
1614,1115.1,964.0
1615,1097.7,948.4
1616,1098.2,947.9
1617,1106.6,956.3
1618,1103.9,951.8
1619,1099.2,951.2
1620,1089.9,943.7
1621,1116.7,964.7
1622,1114.4,962.8
1623,1094.7,943.5
1624,1110.7,955.4
1625,1116.9,964.0
1626,1102.7,955.4
1627,1124.9,974.7
1628,1119.8,967.5
1629,1104.9,957.6
1630,1094.5,949.0
1631,1109.2,965.3
1632,1117.0,958.9
1633,1117.7,963.4
1634,1119.7,967.4
1635,1115.3,962.7
1636,1127.2,968.3
1637,1109.4,963.2
1638,1099.4,946.6
1639,1116.9,966.0
1640,1104.4,955.6
1641,1117.1,970.0
1642,1108.8,958.8
1643,1110.5,960.4
1644,1122.6,970.9
1645,1123.3,973.8
1646,1138.1,981.6
1647,1127.4,968.0
1648,1121.4,968.4
1649,1120.2,970.6
1650,1124.5,969.7
1651,1117.2,961.7
1652,1118.9,967.7
1653,1120.8,968.4
1654,1116.1,968.9
1655,1132.1,980.8
1656,1126.0,974.4
1657,1126.1,973.7
1658,1119.7,975.5
1659,1139.4,981.8
1660,1115.8,965.1
1661,1118.8,965.9
1662,1132.3,980.4
1663,1137.1,982.9
1664,1132.4,978.1
1665,1140.6,985.9
1666,1133.5,982.1
1667,1132.5,983.1
1668,1135.9,978.0
1669,1126.7,974.7
1670,1136.8,983.4
1671,1135.9,987.6
1672,1133.1,981.6
1673,1118.5,968.6
1674,1139.8,985.7
1675,1133.2,979.8
1676,1127.9,972.7
1677,1151.4,990.1
1678,1136.3,979.3
1679,1144.7,987.0
1680,1129.7,974.7
1681,1147.4,993.1
1682,1138.4,981.5
1683,1143.1,988.0
1684,1152.6,1001.9
1685,1144.1,988.3
1686,1149.0,995.6
1687,1137.5,983.6
1688,1149.0,989.2
1689,1137.6,980.7
1690,1159.4,1000.2
1691,1142.7,992.3
1692,1146.2,991.7
1693,1156.9,1001.7
1694,1155.2,997.8
1695,1146.1,992.5
1696,1161.0,999.7
1697,1149.9,996.1
1698,1144.2,988.7
1699,1148.4,991.2
1700,1155.1,1000.1
1701,1163.4,1000.3
1702,1157.0,1001.2
1703,1154.4,1000.8
1704,1141.8,984.1
1705,1168.3,1002.8
1706,1163.8,1009.5
1707,1160.4,996.5
1708,1160.5,1003.2
1709,1151.6,996.7
1710,1162.6,1001.2
1711,1153.3,1000.5
1712,1153.1,1000.0
1713,1170.4,1012.4
1714,1154.8,997.9
1715,1168.1,1007.2
1716,1161.3,1005.7
1717,1172.9,1013.0
1718,1162.7,1006.8
1719,1154.3,998.1
1720,1161.5,1006.4
1721,1169.3,1011.6
1722,1175.9,1012.5
1723,1157.2,998.8
1724,1166.4,1004.9
1725,1160.5,1007.3
1726,1179.2,1010.6
1727,1171.5,1013.0
1728,1178.1,1013.4
1729,1161.5,1009.2
1730,1159.4,1001.4
1731,1163.6,1008.6
1732,1169.8,1012.8
1733,1177.4,1023.1
1734,1174.6,1011.8
1735,1180.0,1023.3
1736,1178.6,1019.5
1737,1175.8,1018.4
1738,1169.7,1013.1
1739,1171.0,1017.9
1740,1176.8,1020.2
1741,1166.7,1009.1
1742,1188.5,1025.9
1743,1167.0,1014.2
1744,1183.7,1027.3
1745,1189.8,1026.2
1746,1173.9,1017.8
1747,1175.1,1016.6
1748,1180.9,1026.8
1749,1188.8,1025.9
1750,1186.3,1022.5
1751,1185.9,1017.3
1752,1174.7,1019.8
1753,1178.6,1020.1
1754,1189.6,1028.0
1755,1183.2,1024.3
1756,1187.7,1028.7
1757,1180.0,1024.9
1758,1181.6,1025.5
1759,1164.4,1007.4
1760,1194.3,1032.0
1761,1193.4,1034.1
1762,1200.2,1039.9
1763,1178.9,1024.3
1764,1178.7,1020.1
1765,1181.1,1025.9
1766,1197.0,1041.8
1767,1190.5,1031.4
1768,1206.7,1043.9
1769,1207.5,1042.9
1770,1200.9,1037.6
1771,1192.3,1028.9
1772,1203.9,1042.6
1773,1182.9,1023.1
1774,1196.4,1037.8
1775,1208.9,1048.2
1776,1196.7,1034.0
1777,1197.5,1041.0
1778,1200.7,1036.6
1779,1199.6,1032.6
1780,1204.8,1041.2
1781,1219.4,1050.3
1782,1207.3,1045.8
1783,1202.2,1038.4
1784,1211.2,1045.1
1785,1198.0,1038.1
1786,1216.8,1048.6
1787,1199.5,1033.2
1788,1218.3,1048.6
1789,1205.3,1046.0
1790,1218.4,1053.3
1791,1204.7,1040.1
1792,1217.1,1054.7
1793,1208.8,1044.7
1794,1205.6,1039.5
1795,1227.7,1063.6
1796,1208.1,1043.9
1797,1204.9,1040.6
1798,1196.1,1036.0
1799,1197.7,1035.2
1800,1208.5,1048.0
1801,1218.3,1059.5
1802,1209.8,1051.8
1803,1192.7,1032.7
1804,1224.5,1061.6
1805,1215.2,1053.5
1806,1204.7,1044.9
1807,1207.8,1042.2
1808,1213.6,1045.4
1809,1223.7,1061.3
1810,1223.5,1060.5
1811,1220.0,1054.7
1812,1220.4,1056.0
1813,1223.7,1058.9
1814,1224.7,1056.2
1815,1220.6,1061.5
1816,1228.6,1063.2
1817,1226.0,1061.4
1818,1224.8,1060.4
1819,1218.7,1055.2
1820,1229.1,1060.1
1821,1229.2,1060.4
1822,1219.4,1058.9
1823,1218.7,1056.8
1824,1232.4,1065.5
1825,1224.6,1052.8
1826,1229.7,1062.6
1827,1243.5,1073.7
1828,1225.8,1058.5
1829,1233.4,1065.6
1830,1229.9,1062.1
1831,1227.8,1058.4
1832,1216.4,1050.6
1833,1218.7,1054.1
1834,1240.2,1074.7
1835,1239.9,1072.5
1836,1225.0,1062.5
1837,1234.1,1065.8
1838,1233.3,1065.4
1839,1245.9,1072.3
1840,1239.1,1067.5
1841,1220.2,1056.9
1842,1237.1,1067.5
1843,1249.5,1084.9
1844,1256.6,1086.6
1845,1241.5,1073.0
1846,1244.5,1077.3
1847,1236.0,1070.5
1848,1233.9,1069.4
1849,1232.1,1068.1
1850,1226.3,1064.7
1851,1241.9,1078.2
1852,1256.6,1084.5
1853,1245.4,1077.4
1854,1239.7,1072.2
1855,1257.5,1087.2
1856,1228.6,1065.9
1857,1259.9,1090.6
1858,1259.5,1090.4
1859,1237.7,1071.2
1860,1255.1,1081.9
1861,1253.4,1089.0
1862,1236.3,1073.5
1863,1259.9,1088.2
1864,1255.6,1081.8
1865,1252.4,1077.3
1866,1248.1,1078.3
1867,1246.9,1085.8
1868,1243.2,1071.5
1869,1251.4,1081.9
1870,1259.0,1090.4
1871,1244.7,1074.2
1872,1250.1,1088.1
1873,1249.5,1080.0
1874,1250.5,1084.4
1875,1248.8,1083.0
1876,1251.8,1083.1
1877,1242.6,1079.9
1878,1269.1,1088.8
1879,1256.4,1087.5
1880,1256.6,1085.1
1881,1265.4,1093.2
1882,1252.0,1083.4
1883,1249.6,1084.6
1884,1281.3,1105.6
1885,1280.0,1109.4
1886,1257.2,1088.8
1887,1264.3,1089.8
1888,1279.6,1100.0
1889,1260.1,1092.4
1890,1275.3,1098.2
1891,1270.3,1097.3
1892,1245.4,1079.5
1893,1253.0,1089.4
1894,1250.0,1079.9
1895,1249.2,1082.2
1896,1278.6,1104.7
1897,1275.1,1104.5
1898,1267.0,1097.0
1899,1274.4,1100.2
1900,1251.4,1086.1
1901,1274.5,1110.4
1902,1274.9,1101.3
1903,1267.6,1093.9
1904,1273.4,1099.0
1905,1264.4,1094.6
1906,1269.2,1099.6
1907,1285.9,1103.8
1908,1277.3,1107.5
1909,1288.6,1114.8
1910,1284.8,1111.9
1911,1285.8,1114.4
1912,1278.7,1103.6
1913,1281.5,1107.4
1914,1270.2,1098.0
1915,1284.4,1111.7
1916,1279.5,1102.1
1917,1275.7,1106.1
1918,1289.4,1113.0
1919,1283.5,1108.0
1920,1285.0,1116.0
1921,1293.9,1116.7
1922,1283.5,1112.0
1923,1276.1,1107.0
1924,1278.5,1104.3
1925,1290.2,1117.1
1926,1285.5,1118.1
1927,1289.2,1116.6
1928,1299.0,1126.4
1929,1264.4,1100.0
1930,1290.7,1116.8
1931,1280.3,1109.3
1932,1284.6,1107.9
1933,1291.5,1114.8
1934,1274.7,1103.5
1935,1278.2,1107.3
1936,1289.0,1116.4
1937,1303.2,1124.4
1938,1284.4,1116.4
1939,1285.7,1111.4
1940,1299.3,1130.0
1941,1279.0,1108.1
1942,1296.1,1120.7
1943,1291.1,1116.2
1944,1293.5,1120.2
1945,1302.8,1125.6
1946,1303.2,1128.4
1947,1315.7,1134.7
1948,1303.7,1130.4
1949,1301.2,1127.4
1950,1291.9,1119.1
1951,1275.1,1109.0
1952,1290.1,1118.0
1953,1320.7,1145.7
1954,1310.6,1132.2
1955,1301.2,1129.8
1956,1306.7,1130.0
1957,1301.1,1130.1
1958,1307.7,1134.5
1959,1290.9,1123.7
1960,1300.2,1119.3
1961,1308.2,1133.9
1962,1314.2,1136.0
1963,1298.9,1125.0
1964,1299.9,1118.5
1965,1294.7,1128.7
1966,1304.3,1132.8
1967,1303.2,1132.7
1968,1304.2,1126.4
1969,1308.4,1138.5
1970,1278.8,1104.9
1971,1308.2,1134.5
1972,1308.0,1132.6
1973,1319.4,1139.6
1974,1310.4,1127.2
1975,1313.5,1139.2
1976,1298.9,1128.3
1977,1314.2,1133.0
1978,1329.6,1147.0
1979,1318.7,1143.8
1980,1326.2,1153.0
1981,1321.2,1142.0
1982,1286.9,1113.2
1983,1311.4,1130.5
1984,1310.3,1134.2
1985,1335.8,1153.8
1986,1329.1,1146.2
1987,1330.2,1148.2
1988,1328.3,1147.7
1989,1309.2,1134.7
1990,1310.5,1133.6
1991,1274.5,1105.9
1992,1320.9,1137.4
1993,1314.2,1138.5
1994,1337.0,1149.2
1995,1335.2,1156.6
1996,1312.1,1135.1
1997,1320.7,1143.1
1998,1318.8,1140.8
1999,1342.9,1164.5
2000,1310.9,1137.6
